timestamp,arrival,departure,name,link1tt,link2tt,link3tt,link4tt,origin,destination,arrival_orig
2013-05-11 03:30:00,2013-05-11 03:30:00,2013-05-12 16:00:00,1,0,0,0,0,21,45,2013-05-11 03:30:00
2013-05-14 03:30:00,2013-05-14 03:30:00,2013-05-14 16:30:00,3,0,0,0,0,16,65,2013-05-14 03:30:00
2013-05-21 03:30:00,2013-05-21 03:30:00,2013-05-22 08:00:00,5,0,0,0,0,1,45,2013-05-21 03:30:00
2013-05-23 16:00:00,2013-05-23 16:00:00,2013-05-26 11:30:00,7,0,0,0,0,13,45,2013-05-23 16:00:00
2013-05-29 03:00:00,2013-05-29 03:00:00,2013-05-29 21:30:00,9,0,0,0,0,1,56,2013-05-29 03:00:00
2013-05-30 21:00:00,2013-05-30 21:00:00,2013-06-03 02:30:00,11,0,0,0,0,1,45,2013-05-30 21:00:00
2013-06-03 15:30:00,2013-06-03 15:30:00,2013-06-04 02:30:00,13,0,0,0,0,41,45,2013-06-03 15:30:00
2013-06-06 03:00:00,2013-06-06 03:00:00,2013-06-06 16:00:00,15,0,0,0,0,4,45,2013-06-06 03:00:00
2013-06-07 15:30:00,2013-06-07 15:30:00,2013-06-08 05:00:00,17,0,0,0,0,1,13,2013-06-07 15:30:00
2013-06-15 05:00:00,2013-06-15 05:00:00,2013-06-17 17:00:00,19,0,0,0,0,1,72,2013-06-15 05:00:00
2013-06-20 16:00:00,2013-06-20 16:00:00,2013-06-22 16:30:00,21,0,0,0,0,1,46,2013-06-20 16:00:00
2013-06-25 04:00:00,2013-06-25 04:00:00,2013-06-27 23:00:00,23,0,0,0,0,13,51,2013-06-25 04:00:00
2013-02-04 04:00:00,2013-02-04 04:00:00,2013-02-07 15:30:00,26,0,0,0,0,52,56,2013-02-04 04:00:00
2013-02-11 15:30:00,2013-02-11 15:30:00,2013-02-11 17:00:00,28,0,0,0,0,51,56,2013-02-11 15:30:00
2013-02-13 03:00:00,2013-02-13 03:00:00,2013-02-14 15:30:00,30,0,0,0,0,51,56,2013-02-13 03:00:00
2013-02-14 17:30:00,2013-02-14 17:30:00,2013-02-15 02:30:00,32,0,0,0,0,42,65,2013-02-14 17:30:00
2013-03-21 02:00:00,2013-03-21 02:00:00,2013-03-21 03:30:00,34,0,0,0,0,51,61,2013-03-21 02:00:00
2013-04-27 03:30:00,2013-04-27 03:30:00,2013-04-27 18:00:00,36,0,0,0,0,51,63,2013-04-27 03:30:00
2013-06-28 04:00:00,2013-06-28 04:00:00,2013-06-28 17:00:00,38,0,0,0,0,51,67,2013-06-28 04:00:00
2013-03-01 15:30:00,2013-03-01 15:30:00,2013-03-01 17:00:00,39,0,0,0,0,59,60,2013-03-01 15:30:00
2013-04-23 16:30:00,2013-04-23 16:30:00,2013-04-25 04:00:00,41,0,0,0,0,16,64,2013-04-23 16:30:00
2013-05-09 17:00:00,2013-05-09 17:00:00,2013-05-14 05:00:00,43,0,0,0,0,16,58,2013-05-09 17:00:00
2013-05-14 16:30:00,2013-05-14 16:30:00,2013-05-18 16:30:00,45,0,0,0,0,7,58,2013-05-14 16:30:00
2013-05-19 03:00:00,2013-05-19 03:00:00,2013-05-22 03:30:00,47,0,0,0,0,18,73,2013-05-19 03:00:00
2013-06-08 03:30:00,2013-06-08 03:30:00,2013-06-14 17:00:00,49,0,0,0,0,1,38,2013-06-08 03:30:00
2013-06-15 05:00:00,2013-06-15 05:00:00,2013-06-17 17:00:00,51,0,0,0,0,16,64,2013-06-15 05:00:00
2013-01-26 16:00:00,2013-01-26 16:00:00,2013-01-27 04:00:00,52,0,0,0,0,58,58,2013-01-26 16:00:00
2013-04-23 16:30:00,2013-04-23 16:30:00,2013-04-28 04:30:00,54,0,0,0,0,14,72,2013-04-23 16:30:00
2013-04-30 03:30:00,2013-04-30 03:30:00,2013-04-30 16:30:00,56,0,0,0,0,58,63,2013-04-30 03:30:00
2013-02-22 02:30:00,2013-02-22 02:30:00,2013-02-22 15:30:00,59,0,0,0,0,46,69,2013-02-22 02:30:00
2013-06-12 03:30:00,2013-06-12 03:30:00,2013-06-18 03:30:00,62,0,0,0,0,55,56,2013-06-12 03:30:00
2013-01-07 17:30:00,2013-01-07 17:30:00,2013-01-11 03:00:00,64,0,0,0,0,52,56,2013-01-07 17:30:00
2013-02-25 17:30:00,2013-02-25 17:30:00,2013-02-28 03:00:00,65,0,0,0,0,56,56,2013-02-25 17:30:00
2013-01-03 16:00:00,2013-01-03 16:00:00,2013-01-05 04:00:00,68,0,0,0,0,55,67,2013-01-03 16:00:00
2013-02-14 15:30:00,2013-02-14 15:30:00,2013-03-15 17:30:00,70,0,0,0,0,56,62,2013-02-14 15:30:00
2013-05-29 06:00:00,2013-05-29 06:00:00,2013-05-29 06:30:00,72,0,0,0,0,55,56,2013-05-29 06:00:00
2013-05-29 07:30:00,2013-05-29 07:30:00,2013-05-29 09:00:00,74,0,0,0,0,55,56,2013-05-29 07:30:00
2013-05-30 05:30:00,2013-05-30 05:30:00,2013-05-30 06:30:00,76,0,0,0,0,55,56,2013-05-30 05:30:00
2013-05-30 07:00:00,2013-05-30 07:00:00,2013-01-21 02:00:00,78,0,0,0,0,55,40,2013-05-30 07:00:00
2013-01-23 00:00:00,2013-01-23 00:00:00,2013-01-30 16:00:00,80,0,0,0,0,1,65,2013-01-23 00:00:00
2013-01-31 14:30:00,2013-01-31 14:30:00,2013-01-31 15:30:00,82,0,0,0,0,7,8,2013-01-31 14:30:00
2013-01-31 23:00:00,2013-01-31 23:00:00,2013-02-01 00:00:00,84,0,0,0,0,2,3,2013-01-31 23:00:00
2013-02-01 01:30:00,2013-02-01 01:30:00,2013-02-02 13:30:00,86,0,0,0,0,1,2,2013-02-01 01:30:00
2013-02-03 05:00:00,2013-02-03 05:00:00,2013-02-16 15:00:00,88,0,0,0,0,1,39,2013-02-03 05:00:00
2013-02-17 08:30:00,2013-02-17 08:30:00,2013-02-17 10:30:00,90,0,0,0,0,1,2,2013-02-17 08:30:00
2013-02-18 01:30:00,2013-02-18 01:30:00,2013-03-03 15:00:00,92,0,0,0,0,1,65,2013-02-18 01:30:00
2013-03-05 12:00:00,2013-03-05 12:00:00,2013-03-05 12:30:00,94,0,0,0,0,1,2,2013-03-05 12:00:00
2013-03-05 14:00:00,2013-03-05 14:00:00,2013-03-06 03:30:00,96,0,0,0,0,1,63,2013-03-05 14:00:00
2013-03-16 08:30:00,2013-03-16 08:30:00,2013-03-31 04:00:00,98,0,0,0,0,1,72,2013-03-16 08:30:00
2013-04-02 03:30:00,2013-04-02 03:30:00,2013-04-02 04:00:00,100,0,0,0,0,1,2,2013-04-02 03:30:00
2013-04-02 07:00:00,2013-04-02 07:00:00,2013-04-12 03:30:00,102,0,0,0,0,1,71,2013-04-02 07:00:00
2013-04-13 17:30:00,2013-04-13 17:30:00,2013-04-14 05:30:00,104,0,0,0,0,1,70,2013-04-13 17:30:00
2013-05-03 17:00:00,2013-05-03 17:00:00,2013-05-10 04:00:00,106,0,0,0,0,7,63,2013-05-03 17:00:00
2013-05-14 03:30:00,2013-05-14 03:30:00,2013-05-14 18:00:00,108,0,0,0,0,16,66,2013-05-14 03:30:00
2013-06-18 20:30:00,2013-06-18 20:30:00,2013-06-30 03:00:00,110,0,0,0,0,7,43,2013-06-18 20:30:00
2013-01-02 21:00:00,2013-01-02 21:00:00,2013-01-05 15:30:00,113,0,0,0,0,1,53,2013-01-02 21:00:00
2013-01-07 16:00:00,2013-01-07 16:00:00,2013-01-13 10:30:00,115,0,0,0,0,1,73,2013-01-07 16:00:00
2013-01-15 00:00:00,2013-01-15 00:00:00,2013-01-15 02:30:00,117,0,0,0,0,1,2,2013-01-15 00:00:00
2013-01-16 01:00:00,2013-01-16 01:00:00,2013-01-16 17:00:00,119,0,0,0,0,1,64,2013-01-16 01:00:00
2013-02-06 21:30:00,2013-02-06 21:30:00,2013-02-06 22:30:00,121,0,0,0,0,1,2,2013-02-06 21:30:00
2013-02-07 12:30:00,2013-02-07 12:30:00,2013-02-10 03:00:00,123,0,0,0,0,1,64,2013-02-07 12:30:00
2013-02-12 15:00:00,2013-02-12 15:00:00,2013-02-23 16:30:00,125,0,0,0,0,1,38,2013-02-12 15:00:00
2013-02-25 08:00:00,2013-02-25 08:00:00,2013-03-18 16:30:00,127,0,0,0,0,1,72,2013-02-25 08:00:00
2013-03-19 19:00:00,2013-03-19 19:00:00,2013-03-19 19:30:00,129,0,0,0,0,7,8,2013-03-19 19:00:00
2013-03-20 18:30:00,2013-03-20 18:30:00,2013-01-17 16:30:00,131,0,0,0,0,1,46,2013-03-20 18:30:00
2013-01-20 04:00:00,2013-01-20 04:00:00,2013-01-21 12:00:00,133,0,0,0,0,6,64,2013-01-20 04:00:00
2013-01-26 20:00:00,2013-01-26 20:00:00,2013-01-29 03:30:00,135,0,0,0,0,1,69,2013-01-26 20:00:00
2013-01-30 14:00:00,2013-01-30 14:00:00,2013-01-30 14:30:00,137,0,0,0,0,7,8,2013-01-30 14:00:00
2013-01-31 08:30:00,2013-01-31 08:30:00,2013-02-12 16:30:00,139,0,0,0,0,1,64,2013-01-31 08:30:00
2013-02-15 05:00:00,2013-02-15 05:00:00,2013-02-22 15:30:00,141,0,0,0,0,1,64,2013-02-15 05:00:00
2013-02-24 03:30:00,2013-02-24 03:30:00,2013-03-05 21:30:00,143,0,0,0,0,1,65,2013-02-24 03:30:00
2013-03-06 11:00:00,2013-03-06 11:00:00,2013-03-06 12:00:00,145,0,0,0,0,17,18,2013-03-06 11:00:00
2013-03-07 15:00:00,2013-03-07 15:00:00,2013-03-16 02:30:00,147,0,0,0,0,1,66,2013-03-07 15:00:00
2013-03-17 01:30:00,2013-03-17 01:30:00,2013-03-17 02:00:00,149,0,0,0,0,7,8,2013-03-17 01:30:00
2013-03-17 04:00:00,2013-03-17 04:00:00,2013-03-18 16:30:00,151,0,0,0,0,3,68,2013-03-17 04:00:00
2013-03-25 18:30:00,2013-03-25 18:30:00,2013-04-05 16:30:00,153,0,0,0,0,1,38,2013-03-25 18:30:00
2013-04-07 02:00:00,2013-04-07 02:00:00,2013-04-16 16:30:00,155,0,0,0,0,1,69,2013-04-07 02:00:00
2013-04-16 23:30:00,2013-04-16 23:30:00,2013-04-17 03:00:00,157,0,0,0,0,40,64,2013-04-16 23:30:00
2013-05-09 02:30:00,2013-05-09 02:30:00,2013-05-15 14:00:00,159,0,0,0,0,9,67,2013-05-09 02:30:00
2013-05-16 04:30:00,2013-05-16 04:30:00,2013-05-18 03:30:00,161,0,0,0,0,16,61,2013-05-16 04:30:00
2013-06-14 17:00:00,2013-06-14 17:00:00,2013-01-16 09:30:00,163,0,0,0,0,5,57,2013-06-14 17:00:00
2013-01-02 16:30:00,2013-01-02 16:30:00,2013-06-04 16:30:00,167,0,0,0,0,38,59,2013-01-02 16:30:00
2013-06-05 03:30:00,2013-06-05 03:30:00,2013-06-05 16:00:00,169,0,0,0,0,27,36,2013-06-05 03:30:00
2013-06-25 16:30:00,2013-06-25 16:30:00,2013-04-29 02:30:00,171,0,0,0,0,20,50,2013-06-25 16:30:00
2013-04-29 15:30:00,2013-04-29 15:30:00,2013-01-21 09:00:00,173,0,0,0,0,23,60,2013-04-29 15:30:00
2013-01-21 16:30:00,2013-01-21 16:30:00,2013-01-22 03:00:00,175,0,0,0,0,38,71,2013-01-21 16:30:00
2013-06-06 03:00:00,2013-06-06 03:00:00,2013-06-06 04:30:00,176,0,0,0,0,37,37,2013-06-06 03:00:00
2013-06-06 16:00:00,2013-06-06 16:00:00,2013-01-29 16:00:00,178,0,0,0,0,1,69,2013-06-06 16:00:00
2013-01-31 04:00:00,2013-01-31 04:00:00,2013-02-11 15:30:00,180,0,0,0,0,1,58,2013-01-31 04:00:00
2013-02-13 06:30:00,2013-02-13 06:30:00,2013-02-13 11:30:00,182,0,0,0,0,1,19,2013-02-13 06:30:00
2013-02-13 12:00:00,2013-02-13 12:00:00,2013-02-13 13:00:00,184,0,0,0,0,18,19,2013-02-13 12:00:00
2013-02-13 13:30:00,2013-02-13 13:30:00,2013-02-14 04:30:00,186,0,0,0,0,18,72,2013-02-13 13:30:00
2013-02-22 14:00:00,2013-02-22 14:00:00,2013-02-28 16:00:00,188,0,0,0,0,1,64,2013-02-22 14:00:00
2013-03-02 14:00:00,2013-03-02 14:00:00,2013-03-03 03:30:00,190,0,0,0,0,1,38,2013-03-02 14:00:00
2013-03-13 11:30:00,2013-03-13 11:30:00,2013-03-13 19:30:00,192,0,0,0,0,1,19,2013-03-13 11:30:00
2013-03-13 23:00:00,2013-03-13 23:00:00,2013-03-18 03:30:00,194,0,0,0,0,18,64,2013-03-13 23:00:00
2013-03-20 00:00:00,2013-03-20 00:00:00,2013-03-20 17:00:00,196,0,0,0,0,1,56,2013-03-20 00:00:00
2013-03-25 22:00:00,2013-03-25 22:00:00,2013-03-26 03:00:00,198,0,0,0,0,19,27,2013-03-25 22:00:00
2013-03-27 05:00:00,2013-03-27 05:00:00,2013-03-27 15:30:00,200,0,0,0,0,1,36,2013-03-27 05:00:00
2013-05-07 16:30:00,2013-05-07 16:30:00,2013-05-08 17:30:00,202,0,0,0,0,1,60,2013-05-07 16:30:00
2013-05-25 16:30:00,2013-05-25 16:30:00,2013-05-29 21:30:00,204,0,0,0,0,1,74,2013-05-25 16:30:00
2013-05-31 15:00:00,2013-05-31 15:00:00,2013-06-09 03:00:00,206,0,0,0,0,1,61,2013-05-31 15:00:00
2013-06-12 03:30:00,2013-06-12 03:30:00,2013-06-20 17:30:00,208,0,0,0,0,8,66,2013-06-12 03:30:00
2013-06-22 16:30:00,2013-06-22 16:30:00,2013-01-22 08:00:00,210,0,0,0,0,8,66,2013-06-22 16:30:00
2013-01-23 20:30:00,2013-01-23 20:30:00,2013-01-23 21:00:00,212,0,0,0,0,1,2,2013-01-23 20:30:00
2013-01-23 23:30:00,2013-01-23 23:30:00,2013-01-24 00:30:00,214,0,0,0,0,1,2,2013-01-23 23:30:00
2013-01-24 04:30:00,2013-01-24 04:30:00,2013-01-25 05:30:00,216,0,0,0,0,1,72,2013-01-24 04:30:00
2013-02-06 09:30:00,2013-02-06 09:30:00,2013-02-08 04:00:00,218,0,0,0,0,1,71,2013-02-06 09:30:00
2013-02-10 15:30:00,2013-02-10 15:30:00,2013-02-11 17:00:00,220,0,0,0,0,1,57,2013-02-10 15:30:00
2013-04-10 21:30:00,2013-04-10 21:30:00,2013-06-30 03:00:00,222,0,0,0,0,1,52,2013-04-10 21:30:00
2013-01-01 04:00:00,2013-01-01 04:00:00,2013-01-19 17:30:00,225,0,0,0,0,36,45,2013-01-01 04:00:00
2013-01-21 03:30:00,2013-01-21 03:30:00,2013-01-28 11:00:00,227,0,0,0,0,2,66,2013-01-21 03:30:00
2013-01-31 08:30:00,2013-01-31 08:30:00,2013-03-17 16:30:00,229,0,0,0,0,1,68,2013-01-31 08:30:00
2013-01-01 20:30:00,2013-01-01 20:30:00,2013-01-02 16:30:00,231,0,0,0,0,1,73,2013-01-01 20:30:00
2013-01-14 20:30:00,2013-01-14 20:30:00,2013-01-14 21:00:00,233,0,0,0,0,7,8,2013-01-14 20:30:00
2013-01-15 21:00:00,2013-01-15 21:00:00,2013-01-16 14:30:00,235,0,0,0,0,1,65,2013-01-15 21:00:00
2013-02-07 05:30:00,2013-02-07 05:30:00,2013-02-14 17:30:00,237,0,0,0,0,1,43,2013-02-07 05:30:00
2013-02-17 00:00:00,2013-02-17 00:00:00,2013-02-17 22:00:00,239,0,0,0,0,1,73,2013-02-17 00:00:00
2013-03-15 15:30:00,2013-03-15 15:30:00,2013-03-16 10:30:00,241,0,0,0,0,1,62,2013-03-15 15:30:00
2013-03-22 03:30:00,2013-03-22 03:30:00,2013-04-06 16:00:00,243,0,0,0,0,1,64,2013-03-22 03:30:00
2013-04-08 13:00:00,2013-04-08 13:00:00,2013-04-09 03:00:00,245,0,0,0,0,1,46,2013-04-08 13:00:00
2013-04-14 08:30:00,2013-04-14 08:30:00,2013-04-15 04:00:00,247,0,0,0,0,1,72,2013-04-14 08:30:00
2013-04-17 04:30:00,2013-04-17 04:30:00,2013-04-19 03:30:00,249,0,0,0,0,9,65,2013-04-17 04:30:00
2013-04-26 13:00:00,2013-04-26 13:00:00,2013-05-04 03:30:00,251,0,0,0,0,6,60,2013-04-26 13:00:00
2013-05-04 20:00:00,2013-05-04 20:00:00,2013-05-06 17:00:00,253,0,0,0,0,13,73,2013-05-04 20:00:00
2013-06-10 15:30:00,2013-06-10 15:30:00,2013-06-12 16:00:00,255,0,0,0,0,8,68,2013-06-10 15:30:00
2013-06-17 02:30:00,2013-06-17 02:30:00,2013-06-24 02:30:00,257,0,0,0,0,15,62,2013-06-17 02:30:00
2013-06-25 18:00:00,2013-06-25 18:00:00,2013-04-29 15:30:00,259,0,0,0,0,1,68,2013-06-25 18:00:00
2013-04-30 16:30:00,2013-04-30 16:30:00,2013-06-01 16:30:00,261,0,0,0,0,11,46,2013-04-30 16:30:00
2013-01-16 16:00:00,2013-01-16 16:00:00,2013-01-16 17:30:00,266,0,0,0,0,13,14,2013-01-16 16:00:00
2013-01-16 17:30:00,2013-01-16 17:30:00,2013-01-17 01:30:00,268,0,0,0,0,13,14,2013-01-16 17:30:00
2013-01-17 06:30:00,2013-01-17 06:30:00,2013-01-18 13:30:00,270,0,0,0,0,1,14,2013-01-17 06:30:00
2013-01-18 14:30:00,2013-01-18 14:30:00,2013-01-19 09:00:00,272,0,0,0,0,13,72,2013-01-18 14:30:00
2013-01-26 13:00:00,2013-01-26 13:00:00,2013-05-04 03:30:00,274,0,0,0,0,13,47,2013-01-26 13:00:00
2013-04-04 13:00:00,2013-04-04 13:00:00,2013-04-05 05:00:00,277,0,0,0,0,1,27,2013-04-04 13:00:00
2013-04-06 16:30:00,2013-04-06 16:30:00,2013-04-07 04:00:00,279,0,0,0,0,1,27,2013-04-06 16:30:00
2013-04-08 01:00:00,2013-04-08 01:00:00,2013-04-08 04:00:00,281,0,0,0,0,1,25,2013-04-08 01:00:00
2013-04-10 11:00:00,2013-04-10 11:00:00,2013-04-10 15:00:00,283,0,0,0,0,1,7,2013-04-10 11:00:00
2013-04-10 17:00:00,2013-04-10 17:00:00,2013-04-10 21:30:00,285,0,0,0,0,6,25,2013-04-10 17:00:00
2013-04-12 00:30:00,2013-04-12 00:30:00,2013-04-12 14:30:00,287,0,0,0,0,1,19,2013-04-12 00:30:00
2013-04-13 04:30:00,2013-04-13 04:30:00,2013-04-13 11:00:00,289,0,0,0,0,1,20,2013-04-13 04:30:00
2013-04-16 00:30:00,2013-04-16 00:30:00,2013-04-16 18:00:00,291,0,0,0,0,1,27,2013-04-16 00:30:00
2013-04-17 04:30:00,2013-04-17 04:30:00,2013-04-22 02:30:00,293,0,0,0,0,13,38,2013-04-17 04:30:00
2013-04-23 18:00:00,2013-04-23 18:00:00,2013-04-24 03:00:00,295,0,0,0,0,2,39,2013-04-23 18:00:00
2013-04-27 03:00:00,2013-04-27 03:00:00,2013-04-27 16:30:00,297,0,0,0,0,7,38,2013-04-27 03:00:00
2013-04-28 04:30:00,2013-04-28 04:30:00,2013-04-28 21:30:00,299,0,0,0,0,14,27,2013-04-28 04:30:00
2013-04-30 16:30:00,2013-04-30 16:30:00,2013-05-02 15:30:00,301,0,0,0,0,15,27,2013-04-30 16:30:00
2013-05-04 03:30:00,2013-05-04 03:30:00,2013-05-04 16:30:00,303,0,0,0,0,12,27,2013-05-04 03:30:00
2013-05-07 05:00:00,2013-05-07 05:00:00,2013-05-10 15:30:00,305,0,0,0,0,4,29,2013-05-07 05:00:00
2013-05-11 03:30:00,2013-05-11 03:30:00,2013-05-11 11:00:00,307,0,0,0,0,20,27,2013-05-11 03:30:00
2013-05-13 04:00:00,2013-05-13 04:00:00,2013-05-13 12:30:00,309,0,0,0,0,4,22,2013-05-13 04:00:00
2013-05-13 17:00:00,2013-05-13 17:00:00,2013-05-14 11:30:00,311,0,0,0,0,20,63,2013-05-13 17:00:00
2013-05-21 03:30:00,2013-05-21 03:30:00,2013-05-21 18:00:00,313,0,0,0,0,1,27,2013-05-21 03:30:00
2013-05-24 15:30:00,2013-05-24 15:30:00,2013-05-26 10:00:00,315,0,0,0,0,3,25,2013-05-24 15:30:00
2013-05-30 01:30:00,2013-05-30 01:30:00,2013-05-30 17:30:00,317,0,0,0,0,1,27,2013-05-30 01:30:00
2013-05-31 04:30:00,2013-05-31 04:30:00,2013-06-01 16:30:00,319,0,0,0,0,1,16,2013-05-31 04:30:00
2013-06-04 03:30:00,2013-06-04 03:30:00,2013-06-04 17:00:00,321,0,0,0,0,4,36,2013-06-04 03:30:00
2013-06-07 01:30:00,2013-06-07 01:30:00,2013-06-07 04:00:00,323,0,0,0,0,16,25,2013-06-07 01:30:00
2013-06-07 17:00:00,2013-06-07 17:00:00,2013-06-10 02:30:00,325,0,0,0,0,7,21,2013-06-07 17:00:00
2013-06-12 03:30:00,2013-06-12 03:30:00,2013-06-12 16:00:00,327,0,0,0,0,1,15,2013-06-12 03:30:00
2013-06-19 03:30:00,2013-06-19 03:30:00,2013-06-19 05:00:00,329,0,0,0,0,7,16,2013-06-19 03:30:00
2013-06-21 04:00:00,2013-06-21 04:00:00,2013-06-21 17:00:00,331,0,0,0,0,1,21,2013-06-21 04:00:00
2013-06-21 21:30:00,2013-06-21 21:30:00,2013-06-23 16:00:00,333,0,0,0,0,11,21,2013-06-21 21:30:00
2013-06-23 21:30:00,2013-06-23 21:30:00,2013-06-26 00:30:00,335,0,0,0,0,7,27,2013-06-23 21:30:00
2013-06-26 16:00:00,2013-06-26 16:00:00,2013-06-28 19:00:00,337,0,0,0,0,1,27,2013-06-26 16:00:00
2013-06-29 05:00:00,2013-06-29 05:00:00,2013-04-05 03:30:00,339,0,0,0,0,8,48,2013-06-29 05:00:00
2013-01-04 08:00:00,2013-01-04 08:00:00,2013-01-05 04:00:00,342,0,0,0,0,1,56,2013-01-04 08:00:00
2013-01-08 18:00:00,2013-01-08 18:00:00,2013-01-09 15:00:00,344,0,0,0,0,1,61,2013-01-08 18:00:00
2013-01-21 03:30:00,2013-01-21 03:30:00,2013-01-22 03:00:00,346,0,0,0,0,1,37,2013-01-21 03:30:00
2013-01-22 15:00:00,2013-01-22 15:00:00,2013-01-22 16:00:00,348,0,0,0,0,7,8,2013-01-22 15:00:00
2013-01-24 13:00:00,2013-01-24 13:00:00,2013-01-24 14:30:00,350,0,0,0,0,1,2,2013-01-24 13:00:00
2013-01-24 16:00:00,2013-01-24 16:00:00,2013-01-24 16:30:00,352,0,0,0,0,1,2,2013-01-24 16:00:00
2013-01-24 20:00:00,2013-01-24 20:00:00,2013-01-26 06:00:00,354,0,0,0,0,1,70,2013-01-24 20:00:00
2013-02-07 02:00:00,2013-02-07 02:00:00,2013-02-11 02:30:00,356,0,0,0,0,18,38,2013-02-07 02:00:00
2013-02-12 04:00:00,2013-02-12 04:00:00,2013-02-18 02:30:00,358,0,0,0,0,1,70,2013-02-12 04:00:00
2013-02-20 20:30:00,2013-02-20 20:30:00,2013-02-21 16:00:00,360,0,0,0,0,1,56,2013-02-20 20:30:00
2013-02-28 19:30:00,2013-02-28 19:30:00,2013-03-26 16:00:00,362,0,0,0,0,1,68,2013-02-28 19:30:00
2013-03-28 11:00:00,2013-03-28 11:00:00,2013-03-28 11:30:00,364,0,0,0,0,1,2,2013-03-28 11:00:00
2013-03-28 12:30:00,2013-03-28 12:30:00,2013-03-28 13:30:00,366,0,0,0,0,1,2,2013-03-28 12:30:00
2013-03-28 15:30:00,2013-03-28 15:30:00,2013-03-28 16:00:00,368,0,0,0,0,1,2,2013-03-28 15:30:00
2013-03-28 17:30:00,2013-03-28 17:30:00,2013-04-08 03:30:00,370,0,0,0,0,1,73,2013-03-28 17:30:00
2013-04-09 22:00:00,2013-04-09 22:00:00,2013-04-09 22:30:00,372,0,0,0,0,1,2,2013-04-09 22:00:00
2013-04-09 23:30:00,2013-04-09 23:30:00,2013-04-20 05:00:00,374,0,0,0,0,1,68,2013-04-09 23:30:00
2013-04-21 15:30:00,2013-04-21 15:30:00,2013-04-25 04:00:00,376,0,0,0,0,15,72,2013-04-21 15:30:00
2013-04-27 16:00:00,2013-04-27 16:00:00,2013-04-28 03:00:00,378,0,0,0,0,18,57,2013-04-27 16:00:00
2013-05-04 13:30:00,2013-05-04 13:30:00,2013-05-06 02:30:00,380,0,0,0,0,8,66,2013-05-04 13:30:00
2013-06-14 02:30:00,2013-06-14 02:30:00,2013-06-15 03:30:00,382,0,0,0,0,16,64,2013-06-14 02:30:00
2013-06-24 00:30:00,2013-06-24 00:30:00,2013-03-16 02:30:00,384,0,0,0,0,6,68,2013-06-24 00:30:00
2013-03-19 20:30:00,2013-03-19 20:30:00,2013-03-20 02:30:00,386,0,0,0,0,1,46,2013-03-19 20:30:00
2013-03-22 03:00:00,2013-03-22 03:00:00,2013-03-24 17:00:00,388,0,0,0,0,41,46,2013-03-22 03:00:00
2013-03-27 02:00:00,2013-03-27 02:00:00,2013-03-28 03:30:00,390,0,0,0,0,1,46,2013-03-27 02:00:00
2013-03-29 23:30:00,2013-03-29 23:30:00,2013-03-31 04:00:00,392,0,0,0,0,1,45,2013-03-29 23:30:00
2013-04-01 10:00:00,2013-04-01 10:00:00,2013-04-02 03:00:00,394,0,0,0,0,41,45,2013-04-01 10:00:00
2013-04-02 16:00:00,2013-04-02 16:00:00,2013-04-03 15:30:00,396,0,0,0,0,41,45,2013-04-02 16:00:00
2013-04-06 21:00:00,2013-04-06 21:00:00,2013-04-08 03:30:00,398,0,0,0,0,1,46,2013-04-06 21:00:00
2013-04-11 01:00:00,2013-04-11 01:00:00,2013-04-15 04:00:00,400,0,0,0,0,1,45,2013-04-11 01:00:00
2013-04-18 04:00:00,2013-04-18 04:00:00,2013-04-20 16:00:00,402,0,0,0,0,1,64,2013-04-18 04:00:00
2013-04-23 03:30:00,2013-04-23 03:30:00,2013-04-23 16:30:00,404,0,0,0,0,41,45,2013-04-23 03:30:00
2013-04-26 02:00:00,2013-04-26 02:00:00,2013-04-29 04:00:00,406,0,0,0,0,1,43,2013-04-26 02:00:00
2013-05-01 03:00:00,2013-05-01 03:00:00,2013-05-02 15:30:00,408,0,0,0,0,16,45,2013-05-01 03:00:00
2013-05-03 04:00:00,2013-05-03 04:00:00,2013-01-26 09:00:00,410,0,0,0,0,10,25,2013-05-03 04:00:00
2013-01-29 02:00:00,2013-01-29 02:00:00,2013-02-23 16:30:00,412,0,0,0,0,1,64,2013-01-29 02:00:00
2013-02-26 05:00:00,2013-02-26 05:00:00,2013-03-25 03:30:00,414,0,0,0,0,1,65,2013-02-26 05:00:00
2013-03-27 21:30:00,2013-03-27 21:30:00,2013-04-24 03:00:00,416,0,0,0,0,1,60,2013-03-27 21:30:00
2013-05-27 02:30:00,2013-05-27 02:30:00,2013-05-27 15:30:00,418,0,0,0,0,15,67,2013-05-27 02:30:00
2013-06-26 03:30:00,2013-06-26 03:30:00,2013-06-29 03:30:00,420,0,0,0,0,17,58,2013-06-26 03:30:00
2013-02-21 16:00:00,2013-02-21 16:00:00,2013-02-22 02:30:00,421,0,0,0,0,62,70,2013-02-21 16:00:00
2013-02-17 16:00:00,2013-02-17 16:00:00,2013-05-28 15:30:00,422,0,0,0,0,46,74,2013-02-17 16:00:00
2013-05-28 19:30:00,2013-05-28 19:30:00,2013-05-28 23:00:00,424,0,0,0,0,46,73,2013-05-28 19:30:00
2013-03-14 23:00:00,2013-03-14 23:00:00,2013-03-25 16:00:00,427,0,0,0,0,1,16,2013-03-14 23:00:00
2013-05-30 13:30:00,2013-05-30 13:30:00,2013-06-05 16:30:00,429,0,0,0,0,9,37,2013-05-30 13:30:00
2013-01-09 23:00:00,2013-01-09 23:00:00,2013-02-25 04:30:00,430,0,0,0,0,1,66,2013-01-09 23:00:00
2013-03-22 17:30:00,2013-03-22 17:30:00,2013-04-17 16:00:00,432,0,0,0,0,1,62,2013-03-22 17:30:00
2013-01-08 02:30:00,2013-01-08 02:30:00,2013-01-08 15:30:00,435,0,0,0,0,36,48,2013-01-08 02:30:00
2013-01-05 02:30:00,2013-01-05 02:30:00,2013-01-08 15:30:00,436,0,0,0,0,46,65,2013-01-05 02:30:00
2013-01-09 04:00:00,2013-01-09 04:00:00,2013-01-19 02:30:00,438,0,0,0,0,46,60,2013-01-09 04:00:00
2013-01-19 04:30:00,2013-01-19 04:30:00,2013-03-04 03:00:00,440,0,0,0,0,49,70,2013-01-19 04:30:00
2013-03-04 16:00:00,2013-03-04 16:00:00,2013-03-04 17:30:00,442,0,0,0,0,63,64,2013-03-04 16:00:00
2013-01-07 23:00:00,2013-01-07 23:00:00,2013-01-08 09:30:00,446,0,0,0,0,13,14,2013-01-07 23:00:00
2013-01-08 10:00:00,2013-01-08 10:00:00,2013-01-08 14:00:00,448,0,0,0,0,13,14,2013-01-08 10:00:00
2013-01-08 15:00:00,2013-01-08 15:00:00,2013-01-08 15:30:00,450,0,0,0,0,13,14,2013-01-08 15:00:00
2013-01-08 19:30:00,2013-01-08 19:30:00,2013-02-02 03:00:00,452,0,0,0,0,13,46,2013-01-08 19:30:00
2013-02-02 13:30:00,2013-02-02 13:30:00,2013-02-03 15:30:00,454,0,0,0,0,13,14,2013-02-02 13:30:00
2013-02-03 20:00:00,2013-02-03 20:00:00,2013-02-03 20:30:00,456,0,0,0,0,13,14,2013-02-03 20:00:00
2013-02-05 03:30:00,2013-02-05 03:30:00,2013-02-05 07:00:00,458,0,0,0,0,13,14,2013-02-05 03:30:00
2013-02-05 07:30:00,2013-02-05 07:30:00,2013-02-05 14:00:00,460,0,0,0,0,13,14,2013-02-05 07:30:00
2013-02-05 15:00:00,2013-02-05 15:00:00,2013-02-05 18:30:00,462,0,0,0,0,13,14,2013-02-05 15:00:00
2013-02-05 19:00:00,2013-02-05 19:00:00,2013-02-06 01:00:00,464,0,0,0,0,13,14,2013-02-05 19:00:00
2013-02-06 01:30:00,2013-02-06 01:30:00,2013-02-06 02:30:00,466,0,0,0,0,13,14,2013-02-06 01:30:00
2013-02-06 04:30:00,2013-02-06 04:30:00,2013-02-06 06:30:00,468,0,0,0,0,13,14,2013-02-06 04:30:00
2013-02-06 08:00:00,2013-02-06 08:00:00,2013-02-06 08:30:00,470,0,0,0,0,13,14,2013-02-06 08:00:00
2013-02-06 09:00:00,2013-02-06 09:00:00,2013-02-06 09:30:00,472,0,0,0,0,13,14,2013-02-06 09:00:00
2013-02-06 12:00:00,2013-02-06 12:00:00,2013-03-27 04:00:00,474,0,0,0,0,13,57,2013-02-06 12:00:00
2013-03-27 10:00:00,2013-03-27 10:00:00,2013-03-27 17:30:00,476,0,0,0,0,13,14,2013-03-27 10:00:00
2013-03-27 19:00:00,2013-03-27 19:00:00,2013-03-27 20:30:00,478,0,0,0,0,13,14,2013-03-27 19:00:00
2013-03-27 22:00:00,2013-03-27 22:00:00,2013-03-28 01:00:00,480,0,0,0,0,13,14,2013-03-27 22:00:00
2013-03-28 02:00:00,2013-03-28 02:00:00,2013-03-28 09:00:00,482,0,0,0,0,13,14,2013-03-28 02:00:00
2013-03-28 10:00:00,2013-03-28 10:00:00,2013-03-28 15:30:00,484,0,0,0,0,13,14,2013-03-28 10:00:00
2013-03-28 16:00:00,2013-03-28 16:00:00,2013-04-18 02:30:00,486,0,0,0,0,13,52,2013-03-28 16:00:00
2013-04-19 16:30:00,2013-04-19 16:30:00,2013-04-20 03:00:00,488,0,0,0,0,14,17,2013-04-19 16:30:00
2013-05-14 16:30:00,2013-05-14 16:30:00,2013-05-15 03:00:00,490,0,0,0,0,14,44,2013-05-14 16:30:00
2013-06-07 04:00:00,2013-06-07 04:00:00,2013-06-07 17:00:00,492,0,0,0,0,13,14,2013-06-07 04:00:00
2013-06-10 15:30:00,2013-06-10 15:30:00,2013-06-11 04:00:00,494,0,0,0,0,13,14,2013-06-10 15:30:00
2013-06-13 16:00:00,2013-06-13 16:00:00,2013-06-16 02:30:00,496,0,0,0,0,10,56,2013-06-13 16:00:00
2013-03-08 03:00:00,2013-03-08 03:00:00,2013-03-08 16:00:00,497,0,0,0,0,59,69,2013-03-08 03:00:00
2013-03-16 15:30:00,2013-03-16 15:30:00,2013-03-17 02:00:00,499,0,0,0,0,65,68,2013-03-16 15:30:00
2013-04-12 03:30:00,2013-04-12 03:30:00,2013-05-02 15:30:00,501,0,0,0,0,46,66,2013-04-12 03:30:00
2013-05-03 04:00:00,2013-05-03 04:00:00,2013-06-02 16:00:00,503,0,0,0,0,47,57,2013-05-03 04:00:00
2013-06-02 17:30:00,2013-06-02 17:30:00,2013-04-12 03:30:00,505,0,0,0,0,48,54,2013-06-02 17:30:00
2013-02-28 16:00:00,2013-02-28 16:00:00,2013-03-01 02:30:00,507,0,0,0,0,56,74,2013-02-28 16:00:00
2013-04-08 05:30:00,2013-04-08 05:30:00,2013-04-24 17:30:00,510,0,0,0,0,39,44,2013-04-08 05:30:00
2013-04-26 04:00:00,2013-04-26 04:00:00,2013-06-06 04:30:00,512,0,0,0,0,13,66,2013-04-26 04:00:00
2013-06-06 17:30:00,2013-06-06 17:30:00,2013-06-07 04:00:00,514,0,0,0,0,41,73,2013-06-06 17:30:00
2013-06-23 03:00:00,2013-06-23 03:00:00,2013-06-24 15:30:00,516,0,0,0,0,14,41,2013-06-23 03:00:00
2013-01-29 03:30:00,2013-01-29 03:30:00,2013-01-29 05:30:00,517,0,0,0,0,56,56,2013-01-29 03:30:00
2013-01-30 03:00:00,2013-01-30 03:00:00,2013-02-01 16:30:00,519,0,0,0,0,55,66,2013-01-30 03:00:00
2013-02-03 15:30:00,2013-02-03 15:30:00,2013-02-28 03:00:00,521,0,0,0,0,55,69,2013-02-03 15:30:00
2013-03-06 03:30:00,2013-03-06 03:30:00,2013-03-30 03:00:00,523,0,0,0,0,56,62,2013-03-06 03:30:00
2013-05-26 06:30:00,2013-05-26 06:30:00,2013-05-28 15:30:00,526,0,0,0,0,10,57,2013-05-26 06:30:00
2013-05-31 11:30:00,2013-05-31 11:30:00,2013-05-31 16:00:00,528,0,0,0,0,45,72,2013-05-31 11:30:00
2013-01-10 09:30:00,2013-01-10 09:30:00,2013-01-20 17:00:00,531,0,0,0,0,1,69,2013-01-10 09:30:00
2013-01-21 03:30:00,2013-01-21 03:30:00,2013-03-02 04:00:00,533,0,0,0,0,53,65,2013-01-21 03:30:00
2013-03-02 15:30:00,2013-03-02 15:30:00,2013-03-02 17:00:00,535,0,0,0,0,57,64,2013-03-02 15:30:00
2013-06-12 16:30:00,2013-06-12 16:30:00,2013-06-13 04:30:00,537,0,0,0,0,54,72,2013-06-12 16:30:00
2013-01-16 15:30:00,2013-01-16 15:30:00,2013-01-17 03:30:00,538,0,0,0,0,63,71,2013-01-16 15:30:00
2013-01-26 03:00:00,2013-01-26 03:00:00,2013-01-26 11:00:00,540,0,0,0,0,47,64,2013-01-26 03:00:00
2013-02-14 03:00:00,2013-02-14 03:00:00,2013-03-28 04:00:00,542,0,0,0,0,46,55,2013-02-14 03:00:00
2013-06-27 23:00:00,2013-06-27 23:00:00,2013-02-20 03:00:00,545,0,0,0,0,46,64,2013-06-27 23:00:00
2013-03-01 04:30:00,2013-03-01 04:30:00,2013-03-01 15:30:00,547,0,0,0,0,46,64,2013-03-01 04:30:00
2013-04-17 03:00:00,2013-04-17 03:00:00,2013-04-25 17:00:00,549,0,0,0,0,51,55,2013-04-17 03:00:00
2013-05-03 04:00:00,2013-05-03 04:00:00,2013-05-29 07:30:00,551,0,0,0,0,54,74,2013-05-03 04:00:00
2013-05-30 00:30:00,2013-05-30 00:30:00,2013-01-01 02:30:00,553,0,0,0,0,45,70,2013-05-30 00:30:00
2013-03-06 00:00:00,2013-03-06 00:00:00,2013-03-06 09:30:00,555,0,0,0,0,13,14,2013-03-06 00:00:00
2013-03-06 10:00:00,2013-03-06 10:00:00,2013-03-06 20:30:00,557,0,0,0,0,13,14,2013-03-06 10:00:00
2013-03-06 21:00:00,2013-03-06 21:00:00,2013-03-07 03:00:00,559,0,0,0,0,13,14,2013-03-06 21:00:00
2013-03-07 04:00:00,2013-03-07 04:00:00,2013-03-07 04:30:00,561,0,0,0,0,13,14,2013-03-07 04:00:00
2013-03-07 05:00:00,2013-03-07 05:00:00,2013-01-01 02:30:00,563,0,0,0,0,13,53,2013-03-07 05:00:00
2013-01-01 17:00:00,2013-01-01 17:00:00,2013-02-08 04:00:00,565,0,0,0,0,46,69,2013-01-01 17:00:00
2013-02-08 15:00:00,2013-02-08 15:00:00,2013-02-08 16:30:00,567,0,0,0,0,50,62,2013-02-08 15:00:00
2013-02-10 04:30:00,2013-02-10 04:30:00,2013-03-12 12:00:00,570,0,0,0,0,49,65,2013-02-10 04:30:00
2013-03-12 17:30:00,2013-03-12 17:30:00,2013-03-20 02:30:00,572,0,0,0,0,46,57,2013-03-12 17:30:00
2013-03-20 04:00:00,2013-03-20 04:00:00,2013-03-20 10:30:00,574,0,0,0,0,50,69,2013-03-20 04:00:00
2013-04-05 16:30:00,2013-04-05 16:30:00,2013-04-06 02:30:00,576,0,0,0,0,47,73,2013-04-05 16:30:00
2013-05-08 18:00:00,2013-05-08 18:00:00,2013-05-22 18:00:00,578,0,0,0,0,45,67,2013-05-08 18:00:00
2013-06-04 04:00:00,2013-06-04 04:00:00,2013-06-18 03:30:00,580,0,0,0,0,46,62,2013-06-04 04:00:00
2013-01-20 02:30:00,2013-01-20 02:30:00,2013-02-04 17:00:00,581,0,0,0,0,46,67,2013-01-20 02:30:00
2013-01-10 16:30:00,2013-01-10 16:30:00,2013-01-11 16:00:00,582,0,0,0,0,46,66,2013-01-10 16:30:00
2013-01-24 02:00:00,2013-01-24 02:00:00,2013-04-20 00:30:00,584,0,0,0,0,47,69,2013-01-24 02:00:00
2013-04-20 03:00:00,2013-04-20 03:00:00,2013-04-20 16:00:00,586,0,0,0,0,60,70,2013-04-20 03:00:00
2013-06-20 17:30:00,2013-06-20 17:30:00,2013-01-04 15:30:00,588,0,0,0,0,45,70,2013-06-20 17:30:00
2013-01-06 16:30:00,2013-01-06 16:30:00,2013-01-07 03:00:00,590,0,0,0,0,56,57,2013-01-06 16:30:00
2013-01-08 02:30:00,2013-01-08 02:30:00,2013-01-09 17:00:00,592,0,0,0,0,55,56,2013-01-08 02:30:00
2013-02-19 02:30:00,2013-02-19 02:30:00,2013-02-19 04:00:00,594,0,0,0,0,55,56,2013-02-19 02:30:00
2013-02-20 03:30:00,2013-02-20 03:30:00,2013-03-28 16:30:00,596,0,0,0,0,55,73,2013-02-20 03:30:00
2013-04-02 16:00:00,2013-04-02 16:00:00,2013-04-03 04:30:00,598,0,0,0,0,55,56,2013-04-02 16:00:00
2013-05-08 16:00:00,2013-05-08 16:00:00,2013-05-14 16:30:00,600,0,0,0,0,55,56,2013-05-08 16:00:00
2013-05-15 17:30:00,2013-05-15 17:30:00,2013-05-16 03:00:00,602,0,0,0,0,55,64,2013-05-15 17:30:00
2013-02-11 04:00:00,2013-02-11 04:00:00,2013-02-11 17:00:00,604,0,0,0,0,66,68,2013-02-11 04:00:00
2013-03-19 03:00:00,2013-03-19 03:00:00,2013-03-19 09:30:00,606,0,0,0,0,38,63,2013-03-19 03:00:00
2013-02-20 02:00:00,2013-02-20 02:00:00,2013-02-20 03:30:00,607,0,0,0,0,56,57,2013-02-20 02:00:00
2013-01-26 04:30:00,2013-01-26 04:30:00,2013-03-21 16:30:00,608,0,0,0,0,48,65,2013-01-26 04:30:00
2013-03-22 03:00:00,2013-03-22 03:00:00,2013-03-22 12:00:00,610,0,0,0,0,38,61,2013-03-22 03:00:00
2013-03-02 17:00:00,2013-03-02 17:00:00,2013-01-09 02:00:00,611,0,0,0,0,69,47,2013-03-02 17:00:00
2013-01-09 19:00:00,2013-01-09 19:00:00,2013-01-12 15:30:00,613,0,0,0,0,1,63,2013-01-09 19:00:00
2013-01-18 01:00:00,2013-01-18 01:00:00,2013-01-21 03:30:00,615,0,0,0,0,1,57,2013-01-18 01:00:00
2013-01-22 18:30:00,2013-01-22 18:30:00,2013-01-22 19:00:00,617,0,0,0,0,1,2,2013-01-22 18:30:00
2013-01-24 22:30:00,2013-01-24 22:30:00,2013-01-26 03:00:00,619,0,0,0,0,1,46,2013-01-24 22:30:00
2013-01-26 19:00:00,2013-01-26 19:00:00,2013-01-26 20:00:00,621,0,0,0,0,1,2,2013-01-26 19:00:00
2013-01-27 22:00:00,2013-01-27 22:00:00,2013-01-28 18:00:00,623,0,0,0,0,1,62,2013-01-27 22:00:00
2013-02-01 00:30:00,2013-02-01 00:30:00,2013-02-02 03:00:00,625,0,0,0,0,1,46,2013-02-01 00:30:00
2013-02-03 10:30:00,2013-02-03 10:30:00,2013-02-04 04:00:00,627,0,0,0,0,1,67,2013-02-03 10:30:00
2013-02-07 21:30:00,2013-02-07 21:30:00,2013-02-10 03:00:00,629,0,0,0,0,1,69,2013-02-07 21:30:00
2013-02-14 05:30:00,2013-02-14 05:30:00,2013-02-15 15:30:00,631,0,0,0,0,1,50,2013-02-14 05:30:00
2013-02-17 09:00:00,2013-02-17 09:00:00,2013-02-18 02:30:00,633,0,0,0,0,1,40,2013-02-17 09:00:00
2013-02-19 16:00:00,2013-02-19 16:00:00,2013-02-19 17:00:00,635,0,0,0,0,1,2,2013-02-19 16:00:00
2013-02-21 05:30:00,2013-02-21 05:30:00,2013-02-21 08:30:00,637,0,0,0,0,1,2,2013-02-21 05:30:00
2013-02-23 12:00:00,2013-02-23 12:00:00,2013-02-24 16:30:00,639,0,0,0,0,1,37,2013-02-23 12:00:00
2013-02-27 02:00:00,2013-02-27 02:00:00,2013-03-03 03:30:00,641,0,0,0,0,1,45,2013-02-27 02:00:00
2013-03-05 00:30:00,2013-03-05 00:30:00,2013-03-05 15:30:00,643,0,0,0,0,1,42,2013-03-05 00:30:00
2013-03-08 02:00:00,2013-03-08 02:00:00,2013-03-09 04:00:00,645,0,0,0,0,1,64,2013-03-08 02:00:00
2013-03-12 14:00:00,2013-03-12 14:00:00,2013-03-13 02:30:00,647,0,0,0,0,1,38,2013-03-12 14:00:00
2013-03-14 06:00:00,2013-03-14 06:00:00,2013-03-14 06:30:00,649,0,0,0,0,1,2,2013-03-14 06:00:00
2013-03-14 13:30:00,2013-03-14 13:30:00,2013-03-16 02:30:00,651,0,0,0,0,1,65,2013-03-14 13:30:00
2013-03-18 05:00:00,2013-03-18 05:00:00,2013-03-18 18:30:00,653,0,0,0,0,1,19,2013-03-18 05:00:00
2013-03-18 20:00:00,2013-03-18 20:00:00,2013-03-19 04:30:00,655,0,0,0,0,18,38,2013-03-18 20:00:00
2013-03-21 02:30:00,2013-03-21 02:30:00,2013-03-21 09:00:00,657,0,0,0,0,1,16,2013-03-21 02:30:00
2013-03-21 09:30:00,2013-03-21 09:30:00,2013-03-21 13:30:00,659,0,0,0,0,15,19,2013-03-21 09:30:00
2013-03-21 14:30:00,2013-03-21 14:30:00,2013-03-22 05:00:00,661,0,0,0,0,18,37,2013-03-21 14:30:00
2013-03-23 20:30:00,2013-03-23 20:30:00,2013-03-24 17:00:00,663,0,0,0,0,1,38,2013-03-23 20:30:00
2013-03-25 18:00:00,2013-03-25 18:00:00,2013-03-26 17:30:00,665,0,0,0,0,1,62,2013-03-25 18:00:00
2013-04-07 19:00:00,2013-04-07 19:00:00,2013-04-08 16:30:00,667,0,0,0,0,1,37,2013-04-07 19:00:00
2013-04-09 20:00:00,2013-04-09 20:00:00,2013-04-16 03:30:00,669,0,0,0,0,1,71,2013-04-09 20:00:00
2013-04-19 16:30:00,2013-04-19 16:30:00,2013-04-25 15:30:00,671,0,0,0,0,17,38,2013-04-19 16:30:00
2013-04-26 03:30:00,2013-04-26 03:30:00,2013-04-29 02:30:00,673,0,0,0,0,1,63,2013-04-26 03:30:00
2013-04-30 03:30:00,2013-04-30 03:30:00,2013-05-02 17:00:00,675,0,0,0,0,4,64,2013-04-30 03:30:00
2013-05-12 17:30:00,2013-05-12 17:30:00,2013-05-14 03:30:00,677,0,0,0,0,27,71,2013-05-12 17:30:00
2013-05-15 03:30:00,2013-05-15 03:30:00,2013-05-16 17:00:00,679,0,0,0,0,1,20,2013-05-15 03:30:00
2013-05-18 03:30:00,2013-05-18 03:30:00,2013-05-20 02:30:00,681,0,0,0,0,6,29,2013-05-18 03:30:00
2013-05-20 14:30:00,2013-05-20 14:30:00,2013-05-24 17:00:00,683,0,0,0,0,1,46,2013-05-20 14:30:00
2013-05-25 16:30:00,2013-05-25 16:30:00,2013-05-26 16:00:00,685,0,0,0,0,15,68,2013-05-25 16:30:00
2013-06-16 17:30:00,2013-06-16 17:30:00,2013-06-19 03:30:00,687,0,0,0,0,7,38,2013-06-16 17:30:00
2013-06-21 04:00:00,2013-06-21 04:00:00,2013-06-23 17:30:00,689,0,0,0,0,35,68,2013-06-21 04:00:00
2013-06-24 17:00:00,2013-06-24 17:00:00,2013-06-26 16:00:00,691,0,0,0,0,1,57,2013-06-24 17:00:00
2013-03-29 08:30:00,2013-03-29 08:30:00,2013-03-29 09:00:00,694,0,0,0,0,1,2,2013-03-29 08:30:00
2013-03-30 01:30:00,2013-03-30 01:30:00,2013-03-31 17:00:00,696,0,0,0,0,1,59,2013-03-30 01:30:00
2013-04-02 01:00:00,2013-04-02 01:00:00,2013-04-02 16:00:00,698,0,0,0,0,1,37,2013-04-02 01:00:00
2013-04-03 16:00:00,2013-04-03 16:00:00,2013-04-03 16:30:00,700,0,0,0,0,1,2,2013-04-03 16:00:00
2013-04-03 17:00:00,2013-04-03 17:00:00,2013-04-03 19:00:00,702,0,0,0,0,1,2,2013-04-03 17:00:00
2013-04-03 23:00:00,2013-04-03 23:00:00,2013-04-03 23:30:00,704,0,0,0,0,1,2,2013-04-03 23:00:00
2013-04-04 08:30:00,2013-04-04 08:30:00,2013-05-08 03:00:00,706,0,0,0,0,1,65,2013-04-04 08:30:00
2013-05-09 17:00:00,2013-05-09 17:00:00,2013-05-10 04:00:00,708,0,0,0,0,7,53,2013-05-09 17:00:00
2013-05-20 02:30:00,2013-05-20 02:30:00,2013-05-21 03:30:00,710,0,0,0,0,3,67,2013-05-20 02:30:00
2013-05-24 15:30:00,2013-05-24 15:30:00,2013-05-25 16:30:00,712,0,0,0,0,5,64,2013-05-24 15:30:00
2013-06-04 02:00:00,2013-06-04 02:00:00,2013-06-05 03:00:00,714,0,0,0,0,16,58,2013-06-04 02:00:00
2013-06-12 03:30:00,2013-06-12 03:30:00,2013-01-04 15:30:00,716,0,0,0,0,20,39,2013-06-12 03:30:00
2013-01-05 13:30:00,2013-01-05 13:30:00,2013-01-09 16:30:00,718,0,0,0,0,1,58,2013-01-05 13:30:00
2013-01-10 02:00:00,2013-01-10 02:00:00,2013-01-18 09:30:00,720,0,0,0,0,50,72,2013-01-10 02:00:00
2013-01-20 04:00:00,2013-01-20 04:00:00,2013-01-22 08:00:00,722,0,0,0,0,1,72,2013-01-20 04:00:00
2013-01-22 16:00:00,2013-01-22 16:00:00,2013-01-23 08:30:00,724,0,0,0,0,43,68,2013-01-22 16:00:00
2013-02-01 16:30:00,2013-02-01 16:30:00,2013-02-07 15:30:00,726,0,0,0,0,62,73,2013-02-01 16:30:00
2013-02-09 14:00:00,2013-02-09 14:00:00,2013-02-10 03:00:00,728,0,0,0,0,1,44,2013-02-09 14:00:00
2013-02-11 14:00:00,2013-02-11 14:00:00,2013-02-15 02:30:00,730,0,0,0,0,1,71,2013-02-11 14:00:00
2013-02-16 09:30:00,2013-02-16 09:30:00,2013-02-17 03:00:00,732,0,0,0,0,1,63,2013-02-16 09:30:00
2013-02-19 15:00:00,2013-02-19 15:00:00,2013-02-20 03:30:00,734,0,0,0,0,1,37,2013-02-19 15:00:00
2013-02-21 08:30:00,2013-02-21 08:30:00,2013-02-22 04:00:00,736,0,0,0,0,1,46,2013-02-21 08:30:00
2013-03-02 00:30:00,2013-03-02 00:30:00,2013-03-03 02:00:00,738,0,0,0,0,1,38,2013-03-02 00:30:00
2013-03-04 02:30:00,2013-03-04 02:30:00,2013-03-06 03:30:00,740,0,0,0,0,1,59,2013-03-04 02:30:00
2013-03-07 22:00:00,2013-03-07 22:00:00,2013-04-10 00:30:00,742,0,0,0,0,1,71,2013-03-07 22:00:00
2013-04-12 23:30:00,2013-04-12 23:30:00,2013-04-13 17:30:00,744,0,0,0,0,1,64,2013-04-12 23:30:00
2013-04-22 04:00:00,2013-04-22 04:00:00,2013-04-22 17:00:00,746,0,0,0,0,17,64,2013-04-22 04:00:00
2013-04-29 04:00:00,2013-04-29 04:00:00,2013-05-04 03:30:00,748,0,0,0,0,15,64,2013-04-29 04:00:00
2013-05-05 15:30:00,2013-05-05 15:30:00,2013-05-10 04:00:00,750,0,0,0,0,7,56,2013-05-05 15:30:00
2013-05-10 17:00:00,2013-05-10 17:00:00,2013-05-17 04:00:00,752,0,0,0,0,18,66,2013-05-10 17:00:00
2013-05-19 03:00:00,2013-05-19 03:00:00,2013-05-26 16:00:00,754,0,0,0,0,9,65,2013-05-19 03:00:00
2013-05-27 10:30:00,2013-05-27 10:30:00,2013-05-31 05:30:00,756,0,0,0,0,16,74,2013-05-27 10:30:00
2013-06-01 03:30:00,2013-06-01 03:30:00,2013-06-04 04:00:00,758,0,0,0,0,2,68,2013-06-01 03:30:00
2013-06-15 05:00:00,2013-06-15 05:00:00,2013-06-17 17:00:00,760,0,0,0,0,14,37,2013-06-15 05:00:00
2013-06-18 03:30:00,2013-06-18 03:30:00,2013-06-19 05:00:00,762,0,0,0,0,7,53,2013-06-18 03:30:00
2013-06-27 04:30:00,2013-06-27 04:30:00,2013-01-08 04:30:00,764,0,0,0,0,1,66,2013-06-27 04:30:00
2013-01-11 00:30:00,2013-01-11 00:30:00,2013-01-11 17:30:00,766,0,0,0,0,1,64,2013-01-11 00:30:00
2013-01-19 07:00:00,2013-01-19 07:00:00,2013-01-19 15:00:00,768,0,0,0,0,13,20,2013-01-19 07:00:00
2013-01-20 17:00:00,2013-01-20 17:00:00,2013-02-11 15:30:00,770,0,0,0,0,1,64,2013-01-20 17:00:00
2013-02-13 01:00:00,2013-02-13 01:00:00,2013-02-13 01:30:00,772,0,0,0,0,1,2,2013-02-13 01:00:00
2013-02-13 17:00:00,2013-02-13 17:00:00,2013-03-28 02:00:00,774,0,0,0,0,1,66,2013-02-13 17:00:00
2013-03-29 17:00:00,2013-03-29 17:00:00,2013-03-29 17:30:00,776,0,0,0,0,1,2,2013-03-29 17:00:00
2013-03-29 18:30:00,2013-03-29 18:30:00,2013-03-30 17:30:00,778,0,0,0,0,1,36,2013-03-29 18:30:00
2013-04-29 02:30:00,2013-04-29 02:30:00,2013-05-08 16:00:00,780,0,0,0,0,15,72,2013-04-29 02:30:00
2013-05-10 15:30:00,2013-05-10 15:30:00,2013-05-15 16:00:00,782,0,0,0,0,1,57,2013-05-10 15:30:00
2013-05-17 17:00:00,2013-05-17 17:00:00,2013-05-18 03:30:00,784,0,0,0,0,5,37,2013-05-17 17:00:00
2013-05-26 06:30:00,2013-05-26 06:30:00,2013-06-01 16:30:00,786,0,0,0,0,6,67,2013-05-26 06:30:00
2013-06-03 02:30:00,2013-06-03 02:30:00,2013-06-05 16:30:00,788,0,0,0,0,20,68,2013-06-03 02:30:00
2013-06-07 17:00:00,2013-06-07 17:00:00,2013-06-09 16:00:00,790,0,0,0,0,3,39,2013-06-07 17:00:00
2013-06-16 03:00:00,2013-06-16 03:00:00,2013-06-28 17:00:00,792,0,0,0,0,17,37,2013-06-16 03:00:00
2013-01-16 10:30:00,2013-01-16 10:30:00,2013-01-16 17:00:00,793,0,0,0,0,1,36,2013-01-16 10:30:00
2013-02-09 03:00:00,2013-02-09 03:00:00,2013-03-04 16:00:00,795,0,0,0,0,1,64,2013-02-09 03:00:00
2013-03-06 08:00:00,2013-03-06 08:00:00,2013-03-22 03:00:00,797,0,0,0,0,1,64,2013-03-06 08:00:00
2013-03-23 21:00:00,2013-03-23 21:00:00,2013-03-23 21:30:00,799,0,0,0,0,1,2,2013-03-23 21:00:00
2013-03-23 22:00:00,2013-03-23 22:00:00,2013-03-23 22:30:00,801,0,0,0,0,1,2,2013-03-23 22:00:00
2013-03-24 00:00:00,2013-03-24 00:00:00,2013-03-30 03:00:00,803,0,0,0,0,1,66,2013-03-24 00:00:00
2013-03-31 23:00:00,2013-03-31 23:00:00,2013-04-02 03:00:00,805,0,0,0,0,1,63,2013-03-31 23:00:00
2013-04-06 21:00:00,2013-04-06 21:00:00,2013-04-14 15:30:00,807,0,0,0,0,18,70,2013-04-06 21:00:00
2013-04-16 04:00:00,2013-04-16 04:00:00,2013-04-17 04:30:00,809,0,0,0,0,1,65,2013-04-16 04:00:00
2013-04-18 22:00:00,2013-04-18 22:00:00,2013-06-29 21:30:00,811,0,0,0,0,6,60,2013-04-18 22:00:00
2013-05-31 02:00:00,2013-05-31 02:00:00,2013-05-31 05:30:00,814,0,0,0,0,1,8,2013-05-31 02:00:00
2013-05-31 07:00:00,2013-05-31 07:00:00,2013-06-01 03:30:00,816,0,0,0,0,7,61,2013-05-31 07:00:00
2013-06-07 18:30:00,2013-06-07 18:30:00,2013-06-12 03:30:00,818,0,0,0,0,1,65,2013-06-07 18:30:00
2013-06-12 18:00:00,2013-06-12 18:00:00,2013-06-16 16:00:00,820,0,0,0,0,62,64,2013-06-12 18:00:00
2013-06-17 04:30:00,2013-06-17 04:30:00,2013-06-19 03:30:00,822,0,0,0,0,62,72,2013-06-17 04:30:00
2013-06-21 02:30:00,2013-06-21 02:30:00,2013-06-22 16:30:00,824,0,0,0,0,39,57,2013-06-21 02:30:00
2013-06-22 20:30:00,2013-06-22 20:30:00,2013-06-23 04:30:00,826,0,0,0,0,39,62,2013-06-22 20:30:00
2013-02-10 03:00:00,2013-02-10 03:00:00,2013-03-01 03:00:00,829,0,0,0,0,47,68,2013-02-10 03:00:00
2013-03-01 15:30:00,2013-03-01 15:30:00,2013-03-01 17:00:00,831,0,0,0,0,47,62,2013-03-01 15:30:00
2013-03-10 16:30:00,2013-03-10 16:30:00,2013-01-02 02:00:00,833,0,0,0,0,46,38,2013-03-10 16:30:00
2013-01-03 04:00:00,2013-01-03 04:00:00,2013-02-09 03:30:00,835,0,0,0,0,2,70,2013-01-03 04:00:00
2013-02-10 03:00:00,2013-02-10 03:00:00,2013-03-24 05:30:00,837,0,0,0,0,44,47,2013-02-10 03:00:00
2013-03-24 15:30:00,2013-03-24 15:30:00,2013-02-06 03:00:00,839,0,0,0,0,42,73,2013-03-24 15:30:00
2013-02-06 16:00:00,2013-02-06 16:00:00,2013-04-17 16:00:00,841,0,0,0,0,44,51,2013-02-06 16:00:00
2013-04-18 02:30:00,2013-04-18 02:30:00,2013-04-19 03:30:00,843,0,0,0,0,1,7,2013-04-18 02:30:00
2013-02-24 16:30:00,2013-02-24 16:30:00,2013-02-24 16:30:00,844,0,0,0,0,72,72,2013-02-24 16:30:00
2013-01-09 11:00:00,2013-01-09 11:00:00,2013-01-09 12:30:00,845,0,0,0,0,19,19,2013-01-09 11:00:00
2013-01-09 21:00:00,2013-01-09 21:00:00,2013-01-30 03:00:00,847,0,0,0,0,1,71,2013-01-09 21:00:00
2013-02-21 03:00:00,2013-02-21 03:00:00,2013-03-23 17:00:00,849,0,0,0,0,46,71,2013-02-21 03:00:00
2013-04-27 03:30:00,2013-04-27 03:30:00,2013-05-14 03:30:00,851,0,0,0,0,51,64,2013-04-27 03:30:00
2013-05-14 11:30:00,2013-05-14 11:30:00,2013-05-18 03:30:00,853,0,0,0,0,46,47,2013-05-14 11:30:00
2013-06-07 02:30:00,2013-06-07 02:30:00,2013-06-07 04:00:00,855,0,0,0,0,45,47,2013-06-07 02:30:00
2013-06-25 16:30:00,2013-06-25 16:30:00,2013-06-26 05:00:00,857,0,0,0,0,46,63,2013-06-25 16:30:00
2013-01-14 02:30:00,2013-01-14 02:30:00,2013-01-14 06:30:00,858,0,0,0,0,1,8,2013-01-14 02:30:00
2013-01-14 08:30:00,2013-01-14 08:30:00,2013-04-21 15:30:00,860,0,0,0,0,1,66,2013-01-14 08:30:00
2013-04-23 03:30:00,2013-04-23 03:30:00,2013-05-27 06:00:00,862,0,0,0,0,22,62,2013-04-23 03:30:00
2013-05-28 02:00:00,2013-05-28 02:00:00,2013-05-29 03:30:00,864,0,0,0,0,26,74,2013-05-28 02:00:00
2013-05-29 05:30:00,2013-05-29 05:30:00,2013-05-30 01:00:00,866,0,0,0,0,65,74,2013-05-29 05:30:00
2013-05-31 13:30:00,2013-05-31 13:30:00,2013-06-06 04:30:00,868,0,0,0,0,1,37,2013-05-31 13:30:00
2013-06-07 01:30:00,2013-06-07 01:30:00,2013-06-07 17:00:00,870,0,0,0,0,33,39,2013-06-07 01:30:00
2013-06-08 02:00:00,2013-06-08 02:00:00,2013-06-08 18:00:00,872,0,0,0,0,35,37,2013-06-08 02:00:00
2013-06-10 04:00:00,2013-06-10 04:00:00,2013-06-11 06:30:00,874,0,0,0,0,35,39,2013-06-10 04:00:00
2013-06-14 02:30:00,2013-06-14 02:30:00,2013-06-14 17:00:00,876,0,0,0,0,36,39,2013-06-14 02:30:00
2013-06-15 16:30:00,2013-06-15 16:30:00,2013-06-27 17:30:00,878,0,0,0,0,5,46,2013-06-15 16:30:00
2013-01-01 07:30:00,2013-01-01 07:30:00,2013-05-09 15:30:00,882,0,0,0,0,1,68,2013-01-01 07:30:00
2013-05-10 17:00:00,2013-05-10 17:00:00,2013-05-18 18:00:00,884,0,0,0,0,15,65,2013-05-10 17:00:00
2013-05-19 10:30:00,2013-05-19 10:30:00,2013-01-09 02:30:00,886,0,0,0,0,4,38,2013-05-19 10:30:00
2013-01-09 18:00:00,2013-01-09 18:00:00,2013-01-10 03:30:00,888,0,0,0,0,4,72,2013-01-09 18:00:00
2013-01-18 12:30:00,2013-01-18 12:30:00,2013-01-24 03:30:00,890,0,0,0,0,4,19,2013-01-18 12:30:00
2013-01-24 18:00:00,2013-01-24 18:00:00,2013-01-24 18:30:00,892,0,0,0,0,4,6,2013-01-24 18:00:00
2013-01-24 19:30:00,2013-01-24 19:30:00,2013-02-03 03:00:00,894,0,0,0,0,4,65,2013-01-24 19:30:00
2013-02-04 00:00:00,2013-02-04 00:00:00,2013-02-04 05:00:00,896,0,0,0,0,4,37,2013-02-04 00:00:00
2013-04-13 17:00:00,2013-04-13 17:00:00,2013-04-14 02:30:00,898,0,0,0,0,4,73,2013-04-13 17:00:00
2013-06-18 02:00:00,2013-06-18 02:00:00,2013-06-18 03:30:00,899,0,0,0,0,38,38,2013-06-18 02:00:00
2013-06-18 15:00:00,2013-06-18 15:00:00,2013-06-19 18:00:00,901,0,0,0,0,16,65,2013-06-18 15:00:00
2013-02-11 15:30:00,2013-02-11 15:30:00,2013-03-01 04:30:00,902,0,0,0,0,62,73,2013-02-11 15:30:00
2013-03-02 04:30:00,2013-03-02 04:30:00,2013-03-02 05:00:00,904,0,0,0,0,6,7,2013-03-02 04:30:00
2013-03-02 08:00:00,2013-03-02 08:00:00,2013-02-16 15:00:00,906,0,0,0,0,4,48,2013-03-02 08:00:00
2013-02-17 04:30:00,2013-02-17 04:30:00,2013-02-17 17:30:00,908,0,0,0,0,4,48,2013-02-17 04:30:00
2013-03-27 13:00:00,2013-03-27 13:00:00,2013-03-27 13:30:00,910,0,0,0,0,4,5,2013-03-27 13:00:00
2013-03-27 14:00:00,2013-03-27 14:00:00,2013-02-24 16:00:00,912,0,0,0,0,4,19,2013-03-27 14:00:00
2013-02-25 01:00:00,2013-02-25 01:00:00,2013-03-15 04:30:00,914,0,0,0,0,4,71,2013-02-25 01:00:00
2013-03-16 00:30:00,2013-03-16 00:30:00,2013-04-22 02:30:00,916,0,0,0,0,4,54,2013-03-16 00:30:00
2013-02-19 12:00:00,2013-02-19 12:00:00,2013-02-20 10:30:00,919,0,0,0,0,13,14,2013-02-19 12:00:00
2013-02-20 11:30:00,2013-02-20 11:30:00,2013-03-03 16:30:00,921,0,0,0,0,13,50,2013-02-20 11:30:00
2013-03-04 19:30:00,2013-03-04 19:30:00,2013-03-04 21:00:00,923,0,0,0,0,13,14,2013-03-04 19:30:00
2013-03-05 03:30:00,2013-03-05 03:30:00,2013-03-05 08:30:00,925,0,0,0,0,13,14,2013-03-05 03:30:00
2013-03-05 09:00:00,2013-03-05 09:00:00,2013-03-05 09:30:00,927,0,0,0,0,13,14,2013-03-05 09:00:00
2013-03-05 10:00:00,2013-03-05 10:00:00,2013-03-05 11:30:00,929,0,0,0,0,13,14,2013-03-05 10:00:00
2013-03-05 13:00:00,2013-03-05 13:00:00,2013-03-05 22:00:00,931,0,0,0,0,13,14,2013-03-05 13:00:00
2013-03-05 23:00:00,2013-03-05 23:00:00,2013-03-06 03:30:00,933,0,0,0,0,13,36,2013-03-05 23:00:00
2013-01-08 13:00:00,2013-01-08 13:00:00,2013-01-08 14:30:00,934,0,0,0,0,9,10,2013-01-08 13:00:00
2013-01-10 05:00:00,2013-01-10 05:00:00,2013-01-10 05:30:00,936,0,0,0,0,9,10,2013-01-10 05:00:00
2013-01-10 11:30:00,2013-01-10 11:30:00,2013-01-04 15:30:00,938,0,0,0,0,9,46,2013-01-10 11:30:00
2013-01-04 17:30:00,2013-01-04 17:30:00,2013-01-05 02:30:00,940,0,0,0,0,43,47,2013-01-04 17:30:00
2013-01-18 16:00:00,2013-01-18 16:00:00,2013-01-30 16:00:00,942,0,0,0,0,44,69,2013-01-18 16:00:00
2013-01-31 02:30:00,2013-01-31 02:30:00,2013-01-31 04:00:00,944,0,0,0,0,46,47,2013-01-31 02:30:00
2013-02-01 16:30:00,2013-02-01 16:30:00,2013-02-02 03:30:00,946,0,0,0,0,44,56,2013-02-01 16:30:00
2013-02-03 02:30:00,2013-02-03 02:30:00,2013-02-04 02:30:00,948,0,0,0,0,53,64,2013-02-03 02:30:00
2013-02-04 14:00:00,2013-02-04 14:00:00,2013-02-04 17:00:00,950,0,0,0,0,20,46,2013-02-04 14:00:00
2013-02-16 16:30:00,2013-02-16 16:30:00,2013-03-13 02:30:00,952,0,0,0,0,42,56,2013-02-16 16:30:00
2013-03-13 04:00:00,2013-03-13 04:00:00,2013-03-13 17:00:00,954,0,0,0,0,49,56,2013-03-13 04:00:00
2013-05-03 04:00:00,2013-05-03 04:00:00,2013-05-03 16:30:00,956,0,0,0,0,46,56,2013-05-03 04:00:00
2013-05-04 03:30:00,2013-05-04 03:30:00,2013-05-25 16:30:00,958,0,0,0,0,47,48,2013-05-04 03:30:00
2013-05-26 06:30:00,2013-05-26 06:30:00,2013-01-17 16:30:00,960,0,0,0,0,45,73,2013-05-26 06:30:00
2013-01-18 16:00:00,2013-01-18 16:00:00,2013-01-18 16:30:00,962,0,0,0,0,7,8,2013-01-18 16:00:00
2013-01-18 19:30:00,2013-01-18 19:30:00,2013-01-22 16:00:00,964,0,0,0,0,1,44,2013-01-18 19:30:00
2013-01-23 14:30:00,2013-01-23 14:30:00,2013-01-27 02:30:00,966,0,0,0,0,4,56,2013-01-23 14:30:00
2013-01-27 15:30:00,2013-01-27 15:30:00,2013-02-14 03:00:00,968,0,0,0,0,27,67,2013-01-27 15:30:00
2013-02-16 02:00:00,2013-02-16 02:00:00,2013-02-16 03:30:00,970,0,0,0,0,34,45,2013-02-16 02:00:00
2013-03-30 04:30:00,2013-03-30 04:30:00,2013-04-09 03:30:00,972,0,0,0,0,44,66,2013-03-30 04:30:00
2013-04-15 04:00:00,2013-04-15 04:00:00,2013-04-15 21:30:00,974,0,0,0,0,27,47,2013-04-15 04:00:00
2013-04-23 16:30:00,2013-04-23 16:30:00,2013-05-05 04:30:00,976,0,0,0,0,27,68,2013-04-23 16:30:00
2013-06-02 17:30:00,2013-06-02 17:30:00,2013-06-03 04:00:00,978,0,0,0,0,42,73,2013-06-02 17:30:00
2013-01-21 15:00:00,2013-01-21 15:00:00,2013-01-21 16:00:00,981,0,0,0,0,13,19,2013-01-21 15:00:00
2013-01-21 16:30:00,2013-01-21 16:30:00,2013-01-22 17:30:00,983,0,0,0,0,17,47,2013-01-21 16:30:00
2013-02-05 11:00:00,2013-02-05 11:00:00,2013-02-05 12:00:00,985,0,0,0,0,7,8,2013-02-05 11:00:00
2013-02-08 10:00:00,2013-02-08 10:00:00,2013-02-11 04:00:00,987,0,0,0,0,1,73,2013-02-08 10:00:00
2013-02-12 13:30:00,2013-02-12 13:30:00,2013-02-12 17:30:00,989,0,0,0,0,5,8,2013-02-12 13:30:00
2013-02-12 18:30:00,2013-02-12 18:30:00,2013-02-12 22:30:00,991,0,0,0,0,7,19,2013-02-12 18:30:00
2013-02-12 23:30:00,2013-02-12 23:30:00,2013-02-28 05:00:00,993,0,0,0,0,17,56,2013-02-12 23:30:00
2013-03-09 04:00:00,2013-03-09 04:00:00,2013-06-25 16:30:00,995,0,0,0,0,1,56,2013-03-09 04:00:00
2013-06-28 04:00:00,2013-06-28 04:00:00,2013-06-30 22:00:00,997,0,0,0,0,45,46,2013-06-28 04:00:00
2013-03-19 03:00:00,2013-03-19 03:00:00,2013-04-18 22:00:00,998,0,0,0,0,46,60,2013-03-19 03:00:00
2013-01-14 16:00:00,2013-01-14 16:00:00,2013-02-07 15:30:00,1001,0,0,0,0,42,60,2013-01-14 16:00:00
2013-02-08 04:00:00,2013-02-08 04:00:00,2013-02-26 04:00:00,1003,0,0,0,0,46,67,2013-02-08 04:00:00
2013-03-18 16:30:00,2013-03-18 16:30:00,2013-03-19 03:00:00,1005,0,0,0,0,44,64,2013-03-18 16:30:00
2013-04-14 00:00:00,2013-04-14 00:00:00,2013-04-14 17:00:00,1007,0,0,0,0,13,46,2013-04-14 00:00:00
2013-05-14 03:30:00,2013-05-14 03:30:00,2013-05-23 09:00:00,1009,0,0,0,0,43,56,2013-05-14 03:30:00
2013-05-30 18:30:00,2013-05-30 18:30:00,2013-06-06 04:30:00,1011,0,0,0,0,45,56,2013-05-30 18:30:00
2013-01-16 21:30:00,2013-01-16 21:30:00,2013-02-08 16:30:00,1014,0,0,0,0,1,65,2013-01-16 21:30:00
2013-02-09 03:30:00,2013-02-09 03:30:00,2013-02-22 19:30:00,1016,0,0,0,0,45,69,2013-02-09 03:30:00
2013-02-23 19:30:00,2013-02-23 19:30:00,2013-03-03 02:00:00,1018,0,0,0,0,4,56,2013-02-23 19:30:00
2013-03-03 05:00:00,2013-03-03 05:00:00,2013-03-09 02:30:00,1020,0,0,0,0,44,55,2013-03-03 05:00:00
2013-03-09 13:00:00,2013-03-09 13:00:00,2013-03-09 15:30:00,1022,0,0,0,0,45,49,2013-03-09 13:00:00
2013-03-10 03:30:00,2013-03-10 03:30:00,2013-04-05 16:30:00,1024,0,0,0,0,47,67,2013-03-10 03:30:00
2013-04-06 09:00:00,2013-04-06 09:00:00,2013-04-25 01:00:00,1026,0,0,0,0,46,68,2013-04-06 09:00:00
2013-04-25 04:00:00,2013-04-25 04:00:00,2013-05-12 16:00:00,1028,0,0,0,0,56,73,2013-04-25 04:00:00
2013-06-22 16:30:00,2013-06-22 16:30:00,2013-06-23 03:00:00,1030,0,0,0,0,47,73,2013-06-22 16:30:00
2013-03-31 15:30:00,2013-03-31 15:30:00,2013-03-31 15:30:00,1031,0,0,0,0,51,51,2013-03-31 15:30:00
2013-04-02 16:00:00,2013-04-02 16:00:00,2013-03-10 15:00:00,1032,0,0,0,0,43,49,2013-04-02 16:00:00
2013-03-11 04:00:00,2013-03-11 04:00:00,2013-04-28 23:00:00,1034,0,0,0,0,4,64,2013-03-11 04:00:00
2013-04-29 15:30:00,2013-04-29 15:30:00,2013-04-29 19:00:00,1036,0,0,0,0,7,30,2013-04-29 15:30:00
2013-05-28 03:30:00,2013-05-28 03:30:00,2013-05-28 15:00:00,1038,0,0,0,0,5,70,2013-05-28 03:30:00
2013-01-19 01:00:00,2013-01-19 01:00:00,2013-02-03 03:00:00,1041,0,0,0,0,13,63,2013-01-19 01:00:00
2013-02-04 11:30:00,2013-02-04 11:30:00,2013-02-05 03:30:00,1043,0,0,0,0,13,45,2013-02-04 11:30:00
2013-02-12 22:30:00,2013-02-12 22:30:00,2013-02-13 21:00:00,1045,0,0,0,0,13,14,2013-02-12 22:30:00
2013-02-13 21:30:00,2013-02-13 21:30:00,2013-02-14 03:30:00,1047,0,0,0,0,13,14,2013-02-13 21:30:00
2013-02-14 21:00:00,2013-02-14 21:00:00,2013-02-16 03:30:00,1049,0,0,0,0,13,51,2013-02-14 21:00:00
2013-03-26 18:30:00,2013-03-26 18:30:00,2013-04-03 17:00:00,1051,0,0,0,0,14,69,2013-03-26 18:30:00
2013-04-04 23:00:00,2013-04-04 23:00:00,2013-04-05 03:30:00,1053,0,0,0,0,14,46,2013-04-04 23:00:00
2013-01-10 07:30:00,2013-01-10 07:30:00,2013-01-11 04:30:00,1056,0,0,0,0,1,65,2013-01-10 07:30:00
2013-01-14 03:30:00,2013-01-14 03:30:00,2013-01-14 16:00:00,1058,0,0,0,0,39,45,2013-01-14 03:30:00
2013-01-14 18:00:00,2013-01-14 18:00:00,2013-01-16 09:30:00,1060,0,0,0,0,44,65,2013-01-14 18:00:00
2013-01-16 17:00:00,2013-01-16 17:00:00,2013-01-17 03:30:00,1062,0,0,0,0,39,67,2013-01-16 17:00:00
2013-01-18 16:00:00,2013-01-18 16:00:00,2013-01-19 04:30:00,1064,0,0,0,0,45,72,2013-01-18 16:00:00
2013-01-21 15:00:00,2013-01-21 15:00:00,2013-01-21 16:00:00,1066,0,0,0,0,1,7,2013-01-21 15:00:00
2013-01-23 13:00:00,2013-01-23 13:00:00,2013-01-24 17:00:00,1068,0,0,0,0,1,69,2013-01-23 13:00:00
2013-01-28 15:00:00,2013-01-28 15:00:00,2013-01-31 02:30:00,1070,0,0,0,0,1,47,2013-01-28 15:00:00
2013-02-02 12:00:00,2013-02-02 12:00:00,2013-02-02 13:30:00,1072,0,0,0,0,1,5,2013-02-02 12:00:00
2013-02-05 06:30:00,2013-02-05 06:30:00,2013-02-07 02:30:00,1074,0,0,0,0,1,65,2013-02-05 06:30:00
2013-02-08 04:00:00,2013-02-08 04:00:00,2013-02-11 04:00:00,1076,0,0,0,0,1,63,2013-02-08 04:00:00
2013-02-13 21:30:00,2013-02-13 21:30:00,2013-02-15 15:30:00,1078,0,0,0,0,1,30,2013-02-13 21:30:00
2013-02-20 15:30:00,2013-02-20 15:30:00,2013-02-20 16:00:00,1080,0,0,0,0,1,2,2013-02-20 15:30:00
2013-02-20 22:00:00,2013-02-20 22:00:00,2013-02-23 02:00:00,1082,0,0,0,0,1,37,2013-02-20 22:00:00
2013-02-24 18:30:00,2013-02-24 18:30:00,2013-02-26 15:30:00,1084,0,0,0,0,1,64,2013-02-24 18:30:00
2013-03-06 19:00:00,2013-03-06 19:00:00,2013-03-06 20:00:00,1086,0,0,0,0,1,2,2013-03-06 19:00:00
2013-03-08 11:30:00,2013-03-08 11:30:00,2013-03-08 13:00:00,1088,0,0,0,0,1,4,2013-03-08 11:30:00
2013-03-08 20:00:00,2013-03-08 20:00:00,2013-03-13 15:30:00,1090,0,0,0,0,1,61,2013-03-08 20:00:00
2013-03-14 11:30:00,2013-03-14 11:30:00,2013-03-16 10:30:00,1092,0,0,0,0,1,67,2013-03-14 11:30:00
2013-03-18 16:30:00,2013-03-18 16:30:00,2013-03-20 04:00:00,1094,0,0,0,0,2,70,2013-03-18 16:30:00
2013-03-21 00:30:00,2013-03-21 00:30:00,2013-03-21 01:00:00,1096,0,0,0,0,7,8,2013-03-21 00:30:00
2013-03-23 04:30:00,2013-03-23 04:30:00,2013-03-23 15:30:00,1098,0,0,0,0,1,59,2013-03-23 04:30:00
2013-03-26 21:30:00,2013-03-26 21:30:00,2013-03-28 16:30:00,1100,0,0,0,0,1,72,2013-03-26 21:30:00
2013-03-29 18:00:00,2013-03-29 18:00:00,2013-04-16 16:30:00,1102,0,0,0,0,1,56,2013-03-29 18:00:00
2013-04-18 04:00:00,2013-04-18 04:00:00,2013-04-19 03:30:00,1104,0,0,0,0,4,18,2013-04-18 04:00:00
2013-04-20 16:00:00,2013-04-20 16:00:00,2013-04-21 02:30:00,1106,0,0,0,0,16,46,2013-04-20 16:00:00
2013-04-21 17:30:00,2013-04-21 17:30:00,2013-04-23 16:30:00,1108,0,0,0,0,16,43,2013-04-21 17:30:00
2013-04-25 04:00:00,2013-04-25 04:00:00,2013-04-26 03:30:00,1110,0,0,0,0,2,60,2013-04-25 04:00:00
2013-05-02 15:30:00,2013-05-02 15:30:00,2013-05-03 04:00:00,1112,0,0,0,0,8,46,2013-05-02 15:30:00
2013-05-08 13:00:00,2013-05-08 13:00:00,2013-05-08 17:30:00,1114,0,0,0,0,16,24,2013-05-08 13:00:00
2013-05-09 19:00:00,2013-05-09 19:00:00,2013-05-12 17:30:00,1116,0,0,0,0,8,49,2013-05-09 19:00:00
2013-05-13 17:00:00,2013-05-13 17:00:00,2013-05-17 04:00:00,1118,0,0,0,0,4,45,2013-05-13 17:00:00
2013-05-19 14:00:00,2013-05-19 14:00:00,2013-05-21 03:30:00,1120,0,0,0,0,1,61,2013-05-19 14:00:00
2013-05-21 10:30:00,2013-05-21 10:30:00,2013-05-22 03:00:00,1122,0,0,0,0,21,35,2013-05-21 10:30:00
2013-05-23 03:00:00,2013-05-23 03:00:00,2013-05-23 17:30:00,1124,0,0,0,0,4,45,2013-05-23 03:00:00
2013-05-24 13:00:00,2013-05-24 13:00:00,2013-05-25 09:00:00,1126,0,0,0,0,4,36,2013-05-24 13:00:00
2013-01-01 00:00:00,2013-01-01 00:00:00,2013-01-01 04:00:00,1127,0,0,0,0,16,34,2013-01-01 00:00:00
2013-01-02 22:00:00,2013-01-02 22:00:00,2013-01-03 16:00:00,1129,0,0,0,0,1,36,2013-01-02 22:00:00
2013-01-04 02:00:00,2013-01-04 02:00:00,2013-01-04 18:30:00,1131,0,0,0,0,13,14,2013-01-04 02:00:00
2013-01-04 19:00:00,2013-01-04 19:00:00,2013-01-04 22:30:00,1133,0,0,0,0,13,14,2013-01-04 19:00:00
2013-01-04 23:00:00,2013-01-04 23:00:00,2013-01-05 15:00:00,1135,0,0,0,0,13,14,2013-01-04 23:00:00
2013-01-05 15:30:00,2013-01-05 15:30:00,2013-01-06 18:00:00,1137,0,0,0,0,13,14,2013-01-05 15:30:00
2013-01-09 16:30:00,2013-01-09 16:30:00,2013-01-09 18:30:00,1139,0,0,0,0,1,2,2013-01-09 16:30:00
2013-01-09 19:00:00,2013-01-09 19:00:00,2013-01-10 03:30:00,1141,0,0,0,0,1,31,2013-01-09 19:00:00
2013-01-11 00:00:00,2013-01-11 00:00:00,2013-01-11 19:00:00,1143,0,0,0,0,13,14,2013-01-11 00:00:00
2013-01-11 19:30:00,2013-01-11 19:30:00,2013-01-12 19:00:00,1145,0,0,0,0,13,14,2013-01-11 19:30:00
2013-01-12 20:30:00,2013-01-12 20:30:00,2013-01-12 22:30:00,1147,0,0,0,0,13,14,2013-01-12 20:30:00
2013-01-14 04:00:00,2013-01-14 04:00:00,2013-01-14 04:30:00,1149,0,0,0,0,1,2,2013-01-14 04:00:00
2013-01-14 05:00:00,2013-01-14 05:00:00,2013-01-14 08:30:00,1151,0,0,0,0,1,2,2013-01-14 05:00:00
2013-01-14 09:30:00,2013-01-14 09:30:00,2013-01-15 03:00:00,1153,0,0,0,0,1,63,2013-01-14 09:30:00
2013-01-18 02:00:00,2013-01-18 02:00:00,2013-01-18 12:30:00,1155,0,0,0,0,1,14,2013-01-18 02:00:00
2013-01-18 13:30:00,2013-01-18 13:30:00,2013-01-18 14:30:00,1157,0,0,0,0,13,14,2013-01-18 13:30:00
2013-01-18 22:00:00,2013-01-18 22:00:00,2013-01-19 00:30:00,1159,0,0,0,0,13,14,2013-01-18 22:00:00
2013-01-19 01:30:00,2013-01-19 01:30:00,2013-01-19 07:30:00,1161,0,0,0,0,13,14,2013-01-19 01:30:00
2013-01-19 16:00:00,2013-01-19 16:00:00,2013-01-20 17:00:00,1163,0,0,0,0,13,14,2013-01-19 16:00:00
2013-01-22 22:00:00,2013-01-22 22:00:00,2013-01-23 02:30:00,1165,0,0,0,0,1,26,2013-01-22 22:00:00
2013-01-26 06:30:00,2013-01-26 06:30:00,2013-01-26 12:00:00,1167,0,0,0,0,1,14,2013-01-26 06:30:00
2013-01-26 15:00:00,2013-01-26 15:00:00,2013-01-26 17:00:00,1169,0,0,0,0,13,14,2013-01-26 15:00:00
2013-01-26 22:00:00,2013-01-26 22:00:00,2013-01-27 19:00:00,1171,0,0,0,0,13,14,2013-01-26 22:00:00
2013-01-27 19:30:00,2013-01-27 19:30:00,2013-01-27 21:00:00,1173,0,0,0,0,13,14,2013-01-27 19:30:00
2013-01-27 21:30:00,2013-01-27 21:30:00,2013-01-28 20:30:00,1175,0,0,0,0,13,14,2013-01-27 21:30:00
2013-01-29 08:30:00,2013-01-29 08:30:00,2013-01-29 23:30:00,1177,0,0,0,0,13,14,2013-01-29 08:30:00
2013-01-30 00:30:00,2013-01-30 00:30:00,2013-01-30 16:00:00,1179,0,0,0,0,13,45,2013-01-30 00:30:00
2013-01-31 21:30:00,2013-01-31 21:30:00,2013-02-01 03:30:00,1181,0,0,0,0,13,64,2013-01-31 21:30:00
2013-02-07 02:30:00,2013-02-07 02:30:00,2013-02-07 11:00:00,1183,0,0,0,0,1,25,2013-02-07 02:30:00
2013-02-07 22:00:00,2013-02-07 22:00:00,2013-02-07 23:30:00,1185,0,0,0,0,13,14,2013-02-07 22:00:00
2013-02-08 00:00:00,2013-02-08 00:00:00,2013-02-08 10:00:00,1187,0,0,0,0,13,14,2013-02-08 00:00:00
2013-02-08 10:30:00,2013-02-08 10:30:00,2013-02-08 11:00:00,1189,0,0,0,0,13,14,2013-02-08 10:30:00
2013-02-09 04:00:00,2013-02-09 04:00:00,2013-02-09 10:00:00,1191,0,0,0,0,1,14,2013-02-09 04:00:00
2013-02-09 12:30:00,2013-02-09 12:30:00,2013-02-09 14:30:00,1193,0,0,0,0,13,14,2013-02-09 12:30:00
2013-02-10 03:00:00,2013-02-10 03:00:00,2013-02-10 18:30:00,1195,0,0,0,0,13,14,2013-02-10 03:00:00
2013-02-10 19:00:00,2013-02-10 19:00:00,2013-02-13 16:00:00,1197,0,0,0,0,13,46,2013-02-10 19:00:00
2013-02-14 02:30:00,2013-02-14 02:30:00,2013-02-14 16:00:00,1199,0,0,0,0,13,38,2013-02-14 02:30:00
2013-02-16 19:30:00,2013-02-16 19:30:00,2013-02-17 03:00:00,1201,0,0,0,0,1,43,2013-02-16 19:30:00
2013-02-20 04:30:00,2013-02-20 04:30:00,2013-02-23 02:00:00,1203,0,0,0,0,1,58,2013-02-20 04:30:00
2013-02-24 19:30:00,2013-02-24 19:30:00,2013-02-25 20:00:00,1205,0,0,0,0,1,14,2013-02-24 19:30:00
2013-02-27 05:30:00,2013-02-27 05:30:00,2013-02-27 16:30:00,1207,0,0,0,0,1,39,2013-02-27 05:30:00
2013-02-28 16:30:00,2013-02-28 16:30:00,2013-03-01 04:30:00,1209,0,0,0,0,10,49,2013-02-28 16:30:00
2013-03-04 19:30:00,2013-03-04 19:30:00,2013-03-04 21:30:00,1211,0,0,0,0,1,13,2013-03-04 19:30:00
2013-03-07 01:30:00,2013-03-07 01:30:00,2013-03-13 02:30:00,1213,0,0,0,0,1,56,2013-03-07 01:30:00
2013-03-16 02:30:00,2013-03-16 02:30:00,2013-03-16 15:30:00,1215,0,0,0,0,1,35,2013-03-16 02:30:00
2013-03-21 14:30:00,2013-03-21 14:30:00,2013-01-16 09:30:00,1216,0,0,0,0,68,72,2013-03-21 14:30:00
2013-01-17 05:00:00,2013-01-17 05:00:00,2013-03-11 16:00:00,1218,0,0,0,0,1,48,2013-01-17 05:00:00
2013-03-12 03:00:00,2013-03-12 03:00:00,2013-01-02 16:30:00,1220,0,0,0,0,37,65,2013-03-12 03:00:00
2013-01-03 15:00:00,2013-01-03 15:00:00,2013-01-08 02:30:00,1222,0,0,0,0,1,58,2013-01-03 15:00:00
2013-01-09 14:30:00,2013-01-09 14:30:00,2013-01-09 22:30:00,1224,0,0,0,0,13,14,2013-01-09 14:30:00
2013-01-09 23:00:00,2013-01-09 23:00:00,2013-01-11 03:00:00,1226,0,0,0,0,13,45,2013-01-09 23:00:00
2013-01-29 21:00:00,2013-01-29 21:00:00,2013-02-06 16:00:00,1228,0,0,0,0,7,61,2013-01-29 21:00:00
2013-02-09 03:00:00,2013-02-09 03:00:00,2013-02-09 07:00:00,1230,0,0,0,0,1,14,2013-02-09 03:00:00
2013-02-09 07:30:00,2013-02-09 07:30:00,2013-02-09 08:30:00,1232,0,0,0,0,13,14,2013-02-09 07:30:00
2013-02-09 09:00:00,2013-02-09 09:00:00,2013-02-10 04:30:00,1234,0,0,0,0,13,62,2013-02-09 09:00:00
2013-03-16 00:00:00,2013-03-16 00:00:00,2013-03-21 03:30:00,1236,0,0,0,0,14,66,2013-03-16 00:00:00
2013-03-22 05:30:00,2013-03-22 05:30:00,2013-03-23 01:30:00,1238,0,0,0,0,13,14,2013-03-22 05:30:00
2013-03-23 02:00:00,2013-03-23 02:00:00,2013-03-23 02:30:00,1240,0,0,0,0,13,14,2013-03-23 02:00:00
2013-03-23 03:00:00,2013-03-23 03:00:00,2013-03-23 17:00:00,1242,0,0,0,0,13,63,2013-03-23 03:00:00
2013-04-09 20:30:00,2013-04-09 20:30:00,2013-05-02 15:30:00,1244,0,0,0,0,14,27,2013-04-09 20:30:00
2013-05-03 16:30:00,2013-05-03 16:30:00,2013-01-03 16:00:00,1246,0,0,0,0,14,47,2013-05-03 16:30:00
2013-01-09 04:30:00,2013-01-09 04:30:00,2013-01-12 11:30:00,1248,0,0,0,0,1,56,2013-01-09 04:30:00
2013-01-14 21:30:00,2013-01-14 21:30:00,2013-01-15 00:00:00,1250,0,0,0,0,1,4,2013-01-14 21:30:00
2013-01-19 00:00:00,2013-01-19 00:00:00,2013-01-19 17:30:00,1252,0,0,0,0,1,55,2013-01-19 00:00:00
2013-01-21 21:30:00,2013-01-21 21:30:00,2013-01-23 04:00:00,1254,0,0,0,0,1,65,2013-01-21 21:30:00
2013-02-08 15:00:00,2013-02-08 15:00:00,2013-02-10 03:00:00,1256,0,0,0,0,1,67,2013-02-08 15:00:00
2013-02-10 16:00:00,2013-02-10 16:00:00,2013-02-13 16:00:00,1258,0,0,0,0,27,58,2013-02-10 16:00:00
2013-02-13 17:30:00,2013-02-13 17:30:00,2013-02-14 04:30:00,1260,0,0,0,0,52,73,2013-02-13 17:30:00
2013-02-14 16:00:00,2013-02-14 16:00:00,2013-02-14 17:30:00,1262,0,0,0,0,45,46,2013-02-14 16:00:00
2013-02-18 12:30:00,2013-02-18 12:30:00,2013-02-19 04:00:00,1264,0,0,0,0,1,57,2013-02-18 12:30:00
2013-02-23 13:00:00,2013-02-23 13:00:00,2013-02-23 19:00:00,1266,0,0,0,0,1,5,2013-02-23 13:00:00
2013-02-25 19:00:00,2013-02-25 19:00:00,2013-02-26 17:00:00,1268,0,0,0,0,1,59,2013-02-25 19:00:00
2013-02-27 16:30:00,2013-02-27 16:30:00,2013-02-28 05:00:00,1270,0,0,0,0,38,43,2013-02-27 16:30:00
2013-03-02 11:00:00,2013-03-02 11:00:00,2013-03-03 02:00:00,1272,0,0,0,0,1,47,2013-03-02 11:00:00
2013-03-06 05:30:00,2013-03-06 05:30:00,2013-03-09 02:30:00,1274,0,0,0,0,1,73,2013-03-06 05:30:00
2013-03-14 14:30:00,2013-03-14 14:30:00,2013-03-14 19:00:00,1276,0,0,0,0,1,6,2013-03-14 14:30:00
2013-03-14 21:00:00,2013-03-14 21:00:00,2013-03-20 15:30:00,1278,0,0,0,0,4,58,2013-03-14 21:00:00
2013-03-23 16:30:00,2013-03-23 16:30:00,2013-03-24 15:30:00,1280,0,0,0,0,1,37,2013-03-23 16:30:00
2013-03-24 23:00:00,2013-03-24 23:00:00,2013-03-24 23:30:00,1282,0,0,0,0,9,10,2013-03-24 23:00:00
2013-03-25 02:30:00,2013-03-25 02:30:00,2013-03-25 03:30:00,1284,0,0,0,0,4,7,2013-03-25 02:30:00
2013-03-26 20:00:00,2013-03-26 20:00:00,2013-03-27 12:30:00,1286,0,0,0,0,1,44,2013-03-26 20:00:00
2013-03-27 23:30:00,2013-03-27 23:30:00,2013-03-28 00:30:00,1288,0,0,0,0,18,19,2013-03-27 23:30:00
2013-03-28 06:00:00,2013-03-28 06:00:00,2013-03-28 07:00:00,1290,0,0,0,0,6,7,2013-03-28 06:00:00
2013-03-28 08:00:00,2013-03-28 08:00:00,2013-03-28 11:00:00,1292,0,0,0,0,6,7,2013-03-28 08:00:00
2013-04-16 01:30:00,2013-04-16 01:30:00,2013-04-17 03:00:00,1294,0,0,0,0,1,59,2013-04-16 01:30:00
2013-04-20 05:00:00,2013-04-20 05:00:00,2013-04-25 04:00:00,1296,0,0,0,0,5,47,2013-04-20 05:00:00
2013-05-01 03:00:00,2013-05-01 03:00:00,2013-05-01 16:00:00,1298,0,0,0,0,16,47,2013-05-01 03:00:00
2013-05-03 05:30:00,2013-05-03 05:30:00,2013-05-10 04:00:00,1300,0,0,0,0,8,43,2013-05-03 05:30:00
2013-05-13 04:00:00,2013-05-13 04:00:00,2013-05-13 15:30:00,1302,0,0,0,0,7,64,2013-05-13 04:00:00
2013-05-20 02:30:00,2013-05-20 02:30:00,2013-05-22 17:30:00,1304,0,0,0,0,5,64,2013-05-20 02:30:00
2013-05-23 14:00:00,2013-05-23 14:00:00,2013-05-30 00:30:00,1306,0,0,0,0,8,74,2013-05-23 14:00:00
2013-05-31 00:00:00,2013-05-31 00:00:00,2013-06-01 18:00:00,1308,0,0,0,0,1,25,2013-05-31 00:00:00
2013-06-02 04:30:00,2013-06-02 04:30:00,2013-06-06 16:00:00,1310,0,0,0,0,13,39,2013-06-02 04:30:00
2013-06-09 01:30:00,2013-06-09 01:30:00,2013-06-11 03:30:00,1312,0,0,0,0,6,43,2013-06-09 01:30:00
2013-06-13 04:30:00,2013-06-13 04:30:00,2013-06-16 04:00:00,1314,0,0,0,0,4,48,2013-06-13 04:30:00
2013-06-20 04:30:00,2013-06-20 04:30:00,2013-06-22 16:30:00,1316,0,0,0,0,21,45,2013-06-20 04:30:00
2013-06-23 03:00:00,2013-06-23 03:00:00,2013-06-25 16:30:00,1318,0,0,0,0,16,47,2013-06-23 03:00:00
2013-06-26 05:00:00,2013-06-26 05:00:00,2013-06-26 16:00:00,1320,0,0,0,0,18,19,2013-06-26 05:00:00
2013-01-17 03:30:00,2013-01-17 03:30:00,2013-02-25 17:30:00,1323,0,0,0,0,55,64,2013-01-17 03:30:00
2013-01-01 00:00:00,2013-01-01 00:00:00,2013-01-06 16:30:00,1324,0,0,0,0,9,71,2013-01-01 00:00:00
2013-01-07 04:30:00,2013-01-07 04:30:00,2013-01-21 07:00:00,1326,0,0,0,0,45,72,2013-01-07 04:30:00
2013-01-22 03:00:00,2013-01-22 03:00:00,2013-01-22 16:00:00,1328,0,0,0,0,45,69,2013-01-22 03:00:00
2013-02-12 06:30:00,2013-02-12 06:30:00,2013-03-03 03:30:00,1330,0,0,0,0,1,72,2013-02-12 06:30:00
2013-03-03 18:00:00,2013-03-03 18:00:00,2013-03-28 16:30:00,1332,0,0,0,0,47,64,2013-03-03 18:00:00
2013-04-16 06:30:00,2013-04-16 06:30:00,2013-04-16 07:30:00,1334,0,0,0,0,1,4,2013-04-16 06:30:00
2013-04-16 08:00:00,2013-04-16 08:00:00,2013-04-17 03:00:00,1336,0,0,0,0,2,68,2013-04-16 08:00:00
2013-05-23 03:00:00,2013-05-23 03:00:00,2013-05-23 04:30:00,1338,0,0,0,0,45,55,2013-05-23 03:00:00
2013-05-23 07:30:00,2013-05-23 07:30:00,2013-05-23 16:00:00,1340,0,0,0,0,50,71,2013-05-23 07:30:00
2013-06-12 07:00:00,2013-06-12 07:00:00,2013-01-29 03:30:00,1342,0,0,0,0,54,64,2013-06-12 07:00:00
2013-05-29 04:00:00,2013-05-29 04:00:00,2013-01-01 02:30:00,1344,0,0,0,0,50,61,2013-05-29 04:00:00
2013-01-01 15:30:00,2013-01-01 15:30:00,2013-02-02 16:00:00,1346,0,0,0,0,20,64,2013-01-01 15:30:00
2013-01-01 00:00:00,2013-01-01 00:00:00,2013-01-07 16:00:00,1347,0,0,0,0,16,69,2013-01-01 00:00:00
2013-01-08 13:00:00,2013-01-08 13:00:00,2013-01-09 12:30:00,1349,0,0,0,0,1,47,2013-01-08 13:00:00
2013-01-25 18:30:00,2013-01-25 18:30:00,2013-02-07 02:30:00,1351,0,0,0,0,1,61,2013-01-25 18:30:00
2013-02-07 20:30:00,2013-02-07 20:30:00,2013-02-08 01:00:00,1353,0,0,0,0,18,20,2013-02-07 20:30:00
2013-02-08 07:30:00,2013-02-08 07:30:00,2013-02-08 10:00:00,1355,0,0,0,0,1,2,2013-02-08 07:30:00
2013-02-09 16:30:00,2013-02-09 16:30:00,2013-02-17 16:00:00,1357,0,0,0,0,1,73,2013-02-09 16:30:00
2013-02-19 19:30:00,2013-02-19 19:30:00,2013-02-28 03:00:00,1359,0,0,0,0,1,38,2013-02-19 19:30:00
2013-03-01 00:00:00,2013-03-01 00:00:00,2013-03-07 03:30:00,1361,0,0,0,0,1,64,2013-03-01 00:00:00
2013-03-08 19:30:00,2013-03-08 19:30:00,2013-03-08 20:00:00,1363,0,0,0,0,1,2,2013-03-08 19:30:00
2013-03-08 23:00:00,2013-03-08 23:00:00,2013-03-12 04:30:00,1365,0,0,0,0,1,48,2013-03-08 23:00:00
2013-03-13 21:00:00,2013-03-13 21:00:00,2013-04-02 16:00:00,1367,0,0,0,0,1,38,2013-03-13 21:00:00
2013-04-03 04:00:00,2013-04-03 04:00:00,2013-04-03 06:30:00,1369,0,0,0,0,18,19,2013-04-03 04:00:00
2013-04-03 07:00:00,2013-04-03 07:00:00,2013-04-03 08:00:00,1371,0,0,0,0,18,25,2013-04-03 07:00:00
2013-04-04 22:00:00,2013-04-04 22:00:00,2013-04-25 02:30:00,1373,0,0,0,0,1,51,2013-04-04 22:00:00
2013-04-25 19:30:00,2013-04-25 19:30:00,2013-04-26 03:30:00,1375,0,0,0,0,16,58,2013-04-25 19:30:00
2013-05-08 13:30:00,2013-05-08 13:30:00,2013-05-09 04:30:00,1377,0,0,0,0,1,62,2013-05-08 13:30:00
2013-05-23 14:00:00,2013-05-23 14:00:00,2013-05-28 21:00:00,1379,0,0,0,0,16,74,2013-05-23 14:00:00
2013-05-29 10:30:00,2013-05-29 10:30:00,2013-05-29 23:00:00,1381,0,0,0,0,21,72,2013-05-29 10:30:00
2013-06-07 02:30:00,2013-06-07 02:30:00,2013-06-27 03:00:00,1383,0,0,0,0,2,40,2013-06-07 02:30:00
2013-06-27 17:30:00,2013-06-27 17:30:00,2013-01-06 15:00:00,1385,0,0,0,0,2,38,2013-06-27 17:30:00
2013-01-07 21:30:00,2013-01-07 21:30:00,2013-01-12 10:00:00,1387,0,0,0,0,1,39,2013-01-07 21:30:00
2013-01-14 03:30:00,2013-01-14 03:30:00,2013-01-28 15:00:00,1389,0,0,0,0,1,61,2013-01-14 03:30:00
2013-01-31 00:00:00,2013-01-31 00:00:00,2013-01-31 15:30:00,1391,0,0,0,0,1,60,2013-01-31 00:00:00
2013-02-01 18:30:00,2013-02-01 18:30:00,2013-02-02 05:00:00,1393,0,0,0,0,20,38,2013-02-01 18:30:00
2013-02-03 11:00:00,2013-02-03 11:00:00,2013-02-03 17:30:00,1395,0,0,0,0,1,37,2013-02-03 11:00:00
2013-02-04 12:00:00,2013-02-04 12:00:00,2013-02-04 12:30:00,1397,0,0,0,0,7,8,2013-02-04 12:00:00
2013-02-05 13:30:00,2013-02-05 13:30:00,2013-02-22 15:30:00,1399,0,0,0,0,1,39,2013-02-05 13:30:00
2013-02-23 23:30:00,2013-02-23 23:30:00,2013-02-24 01:30:00,1401,0,0,0,0,1,2,2013-02-23 23:30:00
2013-02-24 04:30:00,2013-02-24 04:30:00,2013-03-02 15:30:00,1403,0,0,0,0,1,46,2013-02-24 04:30:00
2013-03-03 09:30:00,2013-03-03 09:30:00,2013-03-03 10:00:00,1405,0,0,0,0,1,2,2013-03-03 09:30:00
2013-03-03 20:30:00,2013-03-03 20:30:00,2013-03-09 17:00:00,1407,0,0,0,0,1,70,2013-03-03 20:30:00
2013-03-11 13:00:00,2013-03-11 13:00:00,2013-03-23 14:30:00,1409,0,0,0,0,1,66,2013-03-11 13:00:00
2013-03-24 17:00:00,2013-03-24 17:00:00,2013-03-24 20:00:00,1411,0,0,0,0,1,2,2013-03-24 17:00:00
2013-03-25 13:30:00,2013-03-25 13:30:00,2013-04-01 18:00:00,1413,0,0,0,0,1,62,2013-03-25 13:30:00
2013-04-02 13:00:00,2013-04-02 13:00:00,2013-04-02 14:00:00,1415,0,0,0,0,1,2,2013-04-02 13:00:00
2013-04-03 06:30:00,2013-04-03 06:30:00,2013-04-15 16:30:00,1417,0,0,0,0,1,70,2013-04-03 06:30:00
2013-04-17 04:30:00,2013-04-17 04:30:00,2013-04-18 17:00:00,1419,0,0,0,0,2,47,2013-04-17 04:30:00
2013-04-23 03:30:00,2013-04-23 03:30:00,2013-04-23 21:00:00,1421,0,0,0,0,7,50,2013-04-23 03:30:00
2013-05-04 15:00:00,2013-05-04 15:00:00,2013-05-15 05:00:00,1423,0,0,0,0,20,68,2013-05-04 15:00:00
2013-05-16 02:30:00,2013-05-16 02:30:00,2013-05-16 17:30:00,1425,0,0,0,0,2,29,2013-05-16 02:30:00
2013-05-21 12:30:00,2013-05-21 12:30:00,2013-05-22 05:00:00,1427,0,0,0,0,1,58,2013-05-21 12:30:00
2013-05-30 17:00:00,2013-05-30 17:00:00,2013-05-31 13:00:00,1429,0,0,0,0,1,70,2013-05-30 17:00:00
2013-06-15 03:30:00,2013-06-15 03:30:00,2013-01-04 17:00:00,1431,0,0,0,0,4,70,2013-06-15 03:30:00
2013-01-07 19:00:00,2013-01-07 19:00:00,2013-01-12 04:00:00,1433,0,0,0,0,1,60,2013-01-07 19:00:00
2013-01-12 17:00:00,2013-01-12 17:00:00,2013-01-17 16:30:00,1435,0,0,0,0,39,70,2013-01-12 17:00:00
2013-01-18 09:30:00,2013-01-18 09:30:00,2013-01-19 15:30:00,1437,0,0,0,0,47,72,2013-01-18 09:30:00
2013-01-28 20:30:00,2013-01-28 20:30:00,2013-02-03 03:00:00,1439,0,0,0,0,1,72,2013-01-28 20:30:00
2013-02-04 09:30:00,2013-02-04 09:30:00,2013-02-04 10:00:00,1441,0,0,0,0,7,8,2013-02-04 09:30:00
2013-02-06 02:30:00,2013-02-06 02:30:00,2013-02-07 07:30:00,1443,0,0,0,0,1,52,2013-02-06 02:30:00
2013-02-12 09:30:00,2013-02-12 09:30:00,2013-02-12 13:30:00,1445,0,0,0,0,1,5,2013-02-12 09:30:00
2013-02-14 01:00:00,2013-02-14 01:00:00,2013-02-14 16:00:00,1447,0,0,0,0,1,46,2013-02-14 01:00:00
2013-02-14 17:30:00,2013-02-14 17:30:00,2013-02-16 16:30:00,1449,0,0,0,0,45,61,2013-02-14 17:30:00
2013-02-16 23:00:00,2013-02-16 23:00:00,2013-02-17 03:00:00,1451,0,0,0,0,47,68,2013-02-16 23:00:00
2013-03-03 16:30:00,2013-03-03 16:30:00,2013-03-08 14:00:00,1453,0,0,0,0,27,45,2013-03-03 16:30:00
2013-03-09 01:00:00,2013-03-09 01:00:00,2013-03-09 02:30:00,1455,0,0,0,0,8,10,2013-03-09 01:00:00
2013-03-09 06:30:00,2013-03-09 06:30:00,2013-03-09 07:30:00,1457,0,0,0,0,4,6,2013-03-09 06:30:00
2013-03-10 08:30:00,2013-03-10 08:30:00,2013-03-10 10:00:00,1459,0,0,0,0,1,4,2013-03-10 08:30:00
2013-03-10 11:00:00,2013-03-10 11:00:00,2013-03-10 13:30:00,1461,0,0,0,0,1,8,2013-03-10 11:00:00
2013-03-10 15:00:00,2013-03-10 15:00:00,2013-03-14 03:30:00,1463,0,0,0,0,4,64,2013-03-10 15:00:00
2013-03-19 16:00:00,2013-03-19 16:00:00,2013-03-20 04:00:00,1465,0,0,0,0,43,64,2013-03-19 16:00:00
2013-03-24 02:30:00,2013-03-24 02:30:00,2013-03-24 15:30:00,1467,0,0,0,0,27,66,2013-03-24 02:30:00
2013-01-03 09:00:00,2013-01-03 09:00:00,2013-01-04 04:30:00,1470,0,0,0,0,1,52,2013-01-03 09:00:00
2013-01-11 20:00:00,2013-01-11 20:00:00,2013-01-11 20:30:00,1472,0,0,0,0,6,7,2013-01-11 20:00:00
2013-01-13 05:00:00,2013-01-13 05:00:00,2013-01-16 09:30:00,1474,0,0,0,0,1,59,2013-01-13 05:00:00
2013-01-17 22:00:00,2013-01-17 22:00:00,2013-01-18 03:00:00,1476,0,0,0,0,1,4,2013-01-17 22:00:00
2013-01-18 22:30:00,2013-01-18 22:30:00,2013-01-18 23:30:00,1478,0,0,0,0,1,4,2013-01-18 22:30:00
2013-01-23 09:30:00,2013-01-23 09:30:00,2013-01-23 14:30:00,1480,0,0,0,0,1,4,2013-01-23 09:30:00
2013-01-23 20:30:00,2013-01-23 20:30:00,2013-01-23 21:00:00,1482,0,0,0,0,1,2,2013-01-23 20:30:00
2013-01-24 23:00:00,2013-01-24 23:00:00,2013-01-26 04:30:00,1484,0,0,0,0,1,62,2013-01-24 23:00:00
2013-02-04 00:30:00,2013-02-04 00:30:00,2013-02-04 15:30:00,1486,0,0,0,0,1,56,2013-02-04 00:30:00
2013-02-07 03:00:00,2013-02-07 03:00:00,2013-02-08 02:00:00,1488,0,0,0,0,1,41,2013-02-07 03:00:00
2013-02-08 18:30:00,2013-02-08 18:30:00,2013-02-08 20:00:00,1490,0,0,0,0,1,2,2013-02-08 18:30:00
2013-02-09 12:00:00,2013-02-09 12:00:00,2013-02-10 16:00:00,1492,0,0,0,0,1,37,2013-02-09 12:00:00
2013-02-12 17:00:00,2013-02-12 17:00:00,2013-02-13 03:00:00,1494,0,0,0,0,1,66,2013-02-12 17:00:00
2013-02-15 11:30:00,2013-02-15 11:30:00,2013-03-05 15:30:00,1496,0,0,0,0,2,51,2013-02-15 11:30:00
2013-03-06 05:00:00,2013-03-06 05:00:00,2013-03-06 16:30:00,1498,0,0,0,0,14,38,2013-03-06 05:00:00
2013-03-09 04:00:00,2013-03-09 04:00:00,2013-03-09 06:30:00,1500,0,0,0,0,1,8,2013-03-09 04:00:00
2013-03-09 09:00:00,2013-03-09 09:00:00,2013-03-10 03:30:00,1502,0,0,0,0,1,43,2013-03-09 09:00:00
2013-03-10 22:30:00,2013-03-10 22:30:00,2013-03-10 22:30:00,1504,0,0,0,0,6,7,2013-03-10 22:30:00
2013-03-13 05:30:00,2013-03-13 05:30:00,2013-03-13 17:00:00,1506,0,0,0,0,1,20,2013-03-13 05:30:00
2013-03-13 17:30:00,2013-03-13 17:30:00,2013-03-15 16:00:00,1508,0,0,0,0,19,47,2013-03-13 17:30:00
2013-03-16 16:00:00,2013-03-16 16:00:00,2013-03-18 03:30:00,1510,0,0,0,0,14,65,2013-03-16 16:00:00
2013-03-21 00:30:00,2013-03-21 00:30:00,2013-03-21 16:30:00,1512,0,0,0,0,1,35,2013-03-21 00:30:00
2013-03-23 23:00:00,2013-03-23 23:00:00,2013-03-24 00:00:00,1514,0,0,0,0,1,6,2013-03-23 23:00:00
2013-03-24 02:30:00,2013-03-24 02:30:00,2013-03-24 17:00:00,1516,0,0,0,0,4,37,2013-03-24 02:30:00
2013-03-26 06:00:00,2013-03-26 06:00:00,2013-03-26 06:30:00,1518,0,0,0,0,1,2,2013-03-26 06:00:00
2013-03-26 07:00:00,2013-03-26 07:00:00,2013-03-29 03:30:00,1520,0,0,0,0,1,51,2013-03-26 07:00:00
2013-03-29 10:00:00,2013-03-29 10:00:00,2013-03-30 05:00:00,1522,0,0,0,0,17,38,2013-03-29 10:00:00
2013-03-30 17:30:00,2013-03-30 17:30:00,2013-03-31 02:30:00,1524,0,0,0,0,22,46,2013-03-30 17:30:00
2013-04-09 14:00:00,2013-04-09 14:00:00,2013-05-19 17:30:00,1526,0,0,0,0,1,56,2013-04-09 14:00:00
2013-05-20 15:30:00,2013-05-20 15:30:00,2013-05-28 02:00:00,1528,0,0,0,0,9,59,2013-05-20 15:30:00
2013-05-28 16:30:00,2013-05-28 16:30:00,2013-05-28 19:00:00,1530,0,0,0,0,40,43,2013-05-28 16:30:00
2013-05-30 01:00:00,2013-05-30 01:00:00,2013-05-30 20:00:00,1532,0,0,0,0,1,46,2013-05-30 01:00:00
2013-06-20 03:00:00,2013-06-20 03:00:00,2013-06-21 02:30:00,1534,0,0,0,0,20,37,2013-06-20 03:00:00
2013-06-21 17:00:00,2013-06-21 17:00:00,2013-06-25 00:00:00,1536,0,0,0,0,4,44,2013-06-21 17:00:00
2013-06-25 16:30:00,2013-06-25 16:30:00,2013-06-28 02:30:00,1538,0,0,0,0,9,36,2013-06-25 16:30:00
2013-06-29 03:30:00,2013-06-29 03:30:00,2013-06-29 16:30:00,1540,0,0,0,0,15,46,2013-06-29 03:30:00
2013-05-13 17:00:00,2013-05-13 17:00:00,2013-05-14 18:00:00,1542,0,0,0,0,27,32,2013-05-13 17:00:00
